						\r
#station_barter						\r
Id	CorpProduceItems	CorpAdditionalConsumeItems	CivResProduceItems	CivResAdditionalConsumeItems	QuasiProduceItems	QuasiAdditionalConsumeItems\r
FlatObsidian	science_mining_4 science_mining_1	moon_crossbow mercury_staff moon_heavy_armor moon_armor azt_light_armor azt_heavy_armor venus_armor_shards moon_armor_shards demonic_aye skull_explosion skull_ray skull_contract_mercury skull_bloodstrike skull_bloodlust skull_call_of_blood skull_contract_venus skull_transformation skull_resurrection skull_contract_luna itemChip mediumItemChip highItemChip merkUSB classUSB	resistant_prod_1	armor_repair_kit weapon_repair_kit melee_repair_kit military_food_container regular_food_container water_container security_clothing_container weapon_container armor_container tool_container itemChip mediumItemChip highItemChip merkUSB classUSB	quasi_prod_2	regular_clothing_container weapon_container robot_parts_container ai_module medical_equipment quasiresearch_disk research_disk management_unit darknet_unit military_unit memory_software entertainment_software biomass_tank medical_components\r
Rachmaninoff	prod_industry_1 prod_industry_4 prod_industry_6 prod_industry_8 capital_asset_1	servo_backpack regular_food_container electrical_parts_container quasi_sensor_device management_unit darknet_unit military_unit drug_cargo gunbang_magazine itemChip mediumItemChip highItemChip merkUSB classUSB	resistant_prod_2	armor_repair_kit weapon_repair_kit melee_repair_kit military_food_container regular_food_container water_container security_clothing_container weapon_container armor_container tool_container itemChip mediumItemChip highItemChip merkUSB classUSB	quasi_prod_2	regular_clothing_container weapon_container robot_parts_container ai_module medical_equipment quasiresearch_disk research_disk management_unit darknet_unit military_unit memory_software entertainment_software biomass_tank medical_components\r
Discovery	science_industry_1 science_industry_2 science_industry_7 science_industry_8	moon_crossbow mercury_staff moon_heavy_armor moon_armor azt_light_armor azt_heavy_armor venus_armor_shards moon_armor_shards demonic_aye skull_explosion skull_ray skull_contract_mercury skull_bloodstrike skull_bloodlust skull_call_of_blood skull_contract_venus skull_transformation skull_resurrection skull_contract_luna itemChip mediumItemChip highItemChip merkUSB classUSB	resistant_prod_2	armor_repair_kit weapon_repair_kit melee_repair_kit military_food_container regular_food_container water_container security_clothing_container weapon_container armor_container tool_container itemChip mediumItemChip highItemChip merkUSB classUSB	quasi_prod_2	regular_clothing_container weapon_container robot_parts_container ai_module medical_equipment quasiresearch_disk research_disk management_unit darknet_unit military_unit memory_software entertainment_software biomass_tank medical_components\r
CalorisPlanitia	prod_mining_1 prod_mining_5 prod_mining_2	servo_backpack regular_food_container electrical_parts_container quasi_sensor_device management_unit darknet_unit military_unit drug_cargo gunbang_magazine itemChip mediumItemChip highItemChip merkUSB classUSB	resistant_prod_2	armor_repair_kit weapon_repair_kit melee_repair_kit military_food_container regular_food_container water_container security_clothing_container weapon_container armor_container tool_container itemChip mediumItemChip highItemChip merkUSB classUSB	quasi_prod_2	regular_clothing_container weapon_container robot_parts_container ai_module medical_equipment quasiresearch_disk research_disk management_unit darknet_unit military_unit memory_software entertainment_software biomass_tank medical_components\r
Goethe	science_mining_4 science_mining_2 power_action_5	moon_crossbow mercury_staff moon_heavy_armor moon_armor azt_light_armor azt_heavy_armor venus_armor_shards moon_armor_shards demonic_aye skull_explosion skull_ray skull_contract_mercury skull_bloodstrike skull_bloodlust skull_call_of_blood skull_contract_venus skull_transformation skull_resurrection skull_contract_luna itemChip mediumItemChip highItemChip merkUSB classUSB	resistant_prod_2	armor_repair_kit weapon_repair_kit melee_repair_kit military_food_container regular_food_container water_container security_clothing_container weapon_container armor_container tool_container itemChip mediumItemChip highItemChip merkUSB classUSB	quasi_prod_2	regular_clothing_container weapon_container robot_parts_container ai_module medical_equipment quasiresearch_disk research_disk management_unit darknet_unit military_unit memory_software entertainment_software biomass_tank medical_components\r
Boethius	spy_mining_1 spy_mining_2 spy_mining_3 transit_3	miner_clothing_container worker_clothing_container weapon_container electrical_parts_container ai_module communication_relay quasi_sensor_device geoscanner_device medical_equipment chemical_analyzer hydraulic_pump packaged_recreational_robot itemChip mediumItemChip highItemChip merkUSB classUSB	resistant_prod_2	armor_repair_kit weapon_repair_kit melee_repair_kit military_food_container regular_food_container water_container security_clothing_container weapon_container armor_container tool_container itemChip mediumItemChip highItemChip merkUSB classUSB	quasi_prod_2	regular_clothing_container weapon_container robot_parts_container ai_module medical_equipment quasiresearch_disk research_disk management_unit darknet_unit military_unit memory_software entertainment_software biomass_tank medical_components\r
Mammoth	food_industry_1 food_industry_2 food_industry_3 food_industry_4 transit_1	regular_clothing_container worker_clothing_container ai_module scientific_equipment research_disk prototype_schematics precious_metals gunbang_magazine medical_components itemChip mediumItemChip highItemChip merkUSB classUSB	resistant_prod_2	armor_repair_kit weapon_repair_kit melee_repair_kit military_food_container regular_food_container water_container security_clothing_container weapon_container armor_container tool_container itemChip mediumItemChip highItemChip merkUSB classUSB	quasi_prod_2	regular_clothing_container weapon_container robot_parts_container ai_module medical_equipment quasiresearch_disk research_disk management_unit darknet_unit military_unit memory_software entertainment_software biomass_tank medical_components\r
Rhino	other_industry_2 other_industry_3 other_industry_4 other_industry_5	military_food_container communication_relay mining_equipment construction_equipment memory_software entertainment_software packaged_recreational_robot itemChip mediumItemChip highItemChip merkUSB classUSB	resistant_prod_2	armor_repair_kit weapon_repair_kit melee_repair_kit military_food_container regular_food_container water_container security_clothing_container weapon_container armor_container tool_container itemChip mediumItemChip highItemChip merkUSB classUSB	quasi_prod_2	regular_clothing_container weapon_container robot_parts_container ai_module medical_equipment quasiresearch_disk research_disk management_unit darknet_unit military_unit memory_software entertainment_software biomass_tank medical_components\r
Kizzuwatna	food_mining_4 food_mining_3	regular_clothing_container worker_clothing_container ai_module scientific_equipment research_disk prototype_schematics precious_metals gunbang_magazine medical_components itemChip mediumItemChip highItemChip merkUSB classUSB	resistant_prod_2	armor_repair_kit weapon_repair_kit melee_repair_kit military_food_container regular_food_container water_container security_clothing_container weapon_container armor_container tool_container itemChip mediumItemChip highItemChip merkUSB classUSB	quasi_prod_2	regular_clothing_container weapon_container robot_parts_container ai_module medical_equipment quasiresearch_disk research_disk management_unit darknet_unit military_unit memory_software entertainment_software biomass_tank medical_components\r
Lomonosov	science_industry_1 science_industry_2 science_industry_3 science_industry_4	moon_crossbow mercury_staff moon_heavy_armor moon_armor azt_light_armor azt_heavy_armor venus_armor_shards moon_armor_shards demonic_aye skull_explosion skull_ray skull_contract_mercury skull_bloodstrike skull_bloodlust skull_call_of_blood skull_contract_venus skull_transformation skull_resurrection skull_contract_luna itemChip mediumItemChip highItemChip merkUSB classUSB	resistant_prod_2	armor_repair_kit weapon_repair_kit melee_repair_kit military_food_container regular_food_container water_container security_clothing_container weapon_container armor_container tool_container itemChip mediumItemChip highItemChip merkUSB classUSB	quasi_prod_2	regular_clothing_container weapon_container robot_parts_container ai_module medical_equipment quasiresearch_disk research_disk management_unit darknet_unit military_unit memory_software entertainment_software biomass_tank medical_components\r
GammaHydra	science_devices_7 science_devices_2	moon_crossbow mercury_staff moon_heavy_armor moon_armor azt_light_armor azt_heavy_armor venus_armor_shards moon_armor_shards demonic_aye skull_explosion skull_ray skull_contract_mercury skull_bloodstrike skull_bloodlust skull_call_of_blood skull_contract_venus skull_transformation skull_resurrection skull_contract_luna itemChip mediumItemChip highItemChip merkUSB classUSB	resistant_prod_2	armor_repair_kit weapon_repair_kit melee_repair_kit military_food_container regular_food_container water_container security_clothing_container weapon_container armor_container tool_container itemChip mediumItemChip highItemChip merkUSB classUSB	quasi_prod_2	regular_clothing_container weapon_container robot_parts_container ai_module medical_equipment quasiresearch_disk research_disk management_unit darknet_unit military_unit memory_software entertainment_software biomass_tank medical_components\r
EnergyOne	prod_industry_2 prod_industry_6 prod_industry_7 prod_industry_8	servo_backpack regular_food_container electrical_parts_container quasi_sensor_device management_unit darknet_unit military_unit drug_cargo gunbang_magazine itemChip mediumItemChip highItemChip merkUSB classUSB	resistant_prod_2	armor_repair_kit weapon_repair_kit melee_repair_kit military_food_container regular_food_container water_container security_clothing_container weapon_container armor_container tool_container itemChip mediumItemChip highItemChip merkUSB classUSB	quasi_prod_2	regular_clothing_container weapon_container robot_parts_container ai_module medical_equipment quasiresearch_disk research_disk management_unit darknet_unit military_unit memory_software entertainment_software biomass_tank medical_components\r
Photosphere	food_mining_2 food_mining_3 power_action_5	regular_clothing_container worker_clothing_container ai_module scientific_equipment research_disk prototype_schematics precious_metals gunbang_magazine medical_components itemChip mediumItemChip highItemChip merkUSB classUSB	resistant_prod_2	armor_repair_kit weapon_repair_kit melee_repair_kit military_food_container regular_food_container water_container security_clothing_container weapon_container armor_container tool_container itemChip mediumItemChip highItemChip merkUSB classUSB	quasi_prod_2	regular_clothing_container weapon_container robot_parts_container ai_module medical_equipment quasiresearch_disk research_disk management_unit darknet_unit military_unit memory_software entertainment_software biomass_tank medical_components\r
JourneyOfFire	entertaiment_action_2 entertaiment_action_5	morphine rocketCandy caviar wagyu_steak truffle_oil tuna_steak packaged_recreational_robot itemChip mediumItemChip highItemChip merkUSB classUSB	resistant_prod_2	armor_repair_kit weapon_repair_kit melee_repair_kit military_food_container regular_food_container water_container security_clothing_container weapon_container armor_container tool_container itemChip mediumItemChip highItemChip merkUSB classUSB	quasi_prod_2	regular_clothing_container weapon_container robot_parts_container ai_module medical_equipment quasiresearch_disk research_disk management_unit darknet_unit military_unit memory_software entertainment_software biomass_tank medical_components\r
Campbell	science_devices_5 science_devices_6 transit_2	moon_crossbow mercury_staff moon_heavy_armor moon_armor azt_light_armor azt_heavy_armor venus_armor_shards moon_armor_shards demonic_aye skull_explosion skull_ray skull_contract_mercury skull_bloodstrike skull_bloodlust skull_call_of_blood skull_contract_venus skull_transformation skull_resurrection skull_contract_luna itemChip mediumItemChip highItemChip merkUSB classUSB	resistant_prod_2	armor_repair_kit weapon_repair_kit melee_repair_kit military_food_container regular_food_container water_container security_clothing_container weapon_container armor_container tool_container itemChip mediumItemChip highItemChip merkUSB classUSB	quasi_prod_2	regular_clothing_container weapon_container robot_parts_container ai_module medical_equipment quasiresearch_disk research_disk management_unit darknet_unit military_unit memory_software entertainment_software biomass_tank medical_components\r
IbsaPrison	other_industry_1 other_industry_2 other_industry_3 other_industry_6	miner_clothing_container worker_clothing_container weapon_container electrical_parts_container ai_module communication_relay quasi_sensor_device geoscanner_device medical_equipment chemical_analyzer hydraulic_pump packaged_recreational_robot itemChip mediumItemChip highItemChip merkUSB classUSB	resistant_prod_2	armor_repair_kit weapon_repair_kit melee_repair_kit military_food_container regular_food_container water_container security_clothing_container weapon_container armor_container tool_container itemChip mediumItemChip highItemChip merkUSB classUSB	quasi_prod_2	regular_clothing_container weapon_container robot_parts_container ai_module medical_equipment quasiresearch_disk research_disk management_unit darknet_unit military_unit memory_software entertainment_software biomass_tank medical_components\r
Jinxing	military_devices_1 military_devices_2 military_devices_3 military_devices_5 transit_4	luxury_food_container alcogol_container regular_clothing_container miner_clothing_container worker_clothing_container scientist_clothing_container security_clothing_container weapon_container armor_container tool_container geoscanner_device welding_machine_device chemical_analyzer quasiresearch_disk entertainment_software precious_metals itemChip mediumItemChip highItemChip merkUSB classUSB	resistant_prod_2	armor_repair_kit weapon_repair_kit melee_repair_kit military_food_container regular_food_container water_container security_clothing_container weapon_container armor_container tool_container itemChip mediumItemChip highItemChip merkUSB classUSB	quasi_prod_2	regular_clothing_container weapon_container robot_parts_container ai_module medical_equipment quasiresearch_disk research_disk management_unit darknet_unit military_unit memory_software entertainment_software biomass_tank medical_components\r
HISUnveiled	science_mining_5 science_mining_1 science_mining_2 spy_action_1	moon_crossbow mercury_staff moon_heavy_armor moon_armor azt_light_armor azt_heavy_armor venus_armor_shards moon_armor_shards demonic_aye skull_explosion skull_ray skull_contract_mercury skull_bloodstrike skull_bloodlust skull_call_of_blood skull_contract_venus skull_transformation skull_resurrection skull_contract_luna itemChip mediumItemChip highItemChip merkUSB classUSB	resistant_prod_2	armor_repair_kit weapon_repair_kit melee_repair_kit military_food_container regular_food_container water_container security_clothing_container weapon_container armor_container tool_container itemChip mediumItemChip highItemChip merkUSB classUSB	quasi_prod_2	regular_clothing_container weapon_container robot_parts_container ai_module medical_equipment quasiresearch_disk research_disk management_unit darknet_unit military_unit memory_software entertainment_software biomass_tank medical_components\r
FrescoPlatforms	other_industry_2 other_industry_3 other_industry_4 other_industry_5	miner_clothing_container worker_clothing_container weapon_container electrical_parts_container ai_module communication_relay quasi_sensor_device geoscanner_device medical_equipment chemical_analyzer hydraulic_pump packaged_recreational_robot itemChip mediumItemChip highItemChip merkUSB classUSB	resistant_prod_2	armor_repair_kit weapon_repair_kit melee_repair_kit military_food_container regular_food_container water_container security_clothing_container weapon_container armor_container tool_container itemChip mediumItemChip highItemChip merkUSB classUSB	quasi_prod_2	regular_clothing_container weapon_container robot_parts_container ai_module medical_equipment quasiresearch_disk research_disk management_unit darknet_unit military_unit memory_software entertainment_software biomass_tank medical_components\r
LouhiCity	prod_mining_3 prod_mining_4	servo_backpack regular_food_container electrical_parts_container quasi_sensor_device management_unit darknet_unit military_unit drug_cargo gunbang_magazine itemChip mediumItemChip highItemChip merkUSB classUSB	resistant_prod_2	armor_repair_kit weapon_repair_kit melee_repair_kit military_food_container regular_food_container water_container security_clothing_container weapon_container armor_container tool_container itemChip mediumItemChip highItemChip merkUSB classUSB	quasi_prod_2	regular_clothing_container weapon_container robot_parts_container ai_module medical_equipment quasiresearch_disk research_disk management_unit darknet_unit military_unit memory_software entertainment_software biomass_tank medical_components\r
Fortuna	science_devices_3 science_devices_4	moon_crossbow mercury_staff moon_heavy_armor moon_armor azt_light_armor azt_heavy_armor venus_armor_shards moon_armor_shards demonic_aye skull_explosion skull_ray skull_contract_mercury skull_bloodstrike skull_bloodlust skull_call_of_blood skull_contract_venus skull_transformation skull_resurrection skull_contract_luna itemChip mediumItemChip highItemChip merkUSB classUSB	resistant_prod_2	armor_repair_kit weapon_repair_kit melee_repair_kit military_food_container regular_food_container water_container security_clothing_container weapon_container armor_container tool_container itemChip mediumItemChip highItemChip merkUSB classUSB	quasi_prod_2	regular_clothing_container weapon_container robot_parts_container ai_module medical_equipment quasiresearch_disk research_disk management_unit darknet_unit military_unit memory_software entertainment_software biomass_tank medical_components\r
Oddibjord	prod_industry_2 prod_industry_6 prod_industry_7 prod_industry_8	servo_backpack regular_food_container electrical_parts_container quasi_sensor_device management_unit darknet_unit military_unit drug_cargo gunbang_magazine itemChip mediumItemChip highItemChip merkUSB classUSB	resistant_prod_2	armor_repair_kit weapon_repair_kit melee_repair_kit military_food_container regular_food_container water_container security_clothing_container weapon_container armor_container tool_container itemChip mediumItemChip highItemChip merkUSB classUSB	quasi_prod_1	regular_clothing_container weapon_container robot_parts_container ai_module medical_equipment quasiresearch_disk research_disk management_unit darknet_unit military_unit memory_software entertainment_software biomass_tank medical_components\r
Clotho	other_industry_1 other_industry_6	luxury_food_container alcogol_container regular_clothing_container miner_clothing_container worker_clothing_container scientist_clothing_container security_clothing_container weapon_container armor_container tool_container geoscanner_device welding_machine_device chemical_analyzer quasiresearch_disk entertainment_software precious_metals itemChip mediumItemChip highItemChip merkUSB classUSB	resistant_prod_2	armor_repair_kit weapon_repair_kit melee_repair_kit military_food_container regular_food_container water_container security_clothing_container weapon_container armor_container tool_container itemChip mediumItemChip highItemChip merkUSB classUSB	quasi_prod_2	regular_clothing_container weapon_container robot_parts_container ai_module medical_equipment quasiresearch_disk research_disk management_unit darknet_unit military_unit memory_software entertainment_software biomass_tank medical_components\r
FeatheredTemple	power_action_2 power_action_3	military_food_container communication_relay mining_equipment construction_equipment memory_software entertainment_software packaged_recreational_robot itemChip mediumItemChip highItemChip merkUSB classUSB	resistant_prod_2	armor_repair_kit weapon_repair_kit melee_repair_kit military_food_container regular_food_container water_container security_clothing_container weapon_container armor_container tool_container itemChip mediumItemChip highItemChip merkUSB classUSB	quasi_prod_1	regular_clothing_container weapon_container robot_parts_container ai_module medical_equipment quasiresearch_disk research_disk management_unit darknet_unit military_unit memory_software entertainment_software biomass_tank medical_components\r
SubRosa	science_industry_5 science_industry_6 science_industry_7 science_industry_8	moon_crossbow mercury_staff moon_heavy_armor moon_armor azt_light_armor azt_heavy_armor venus_armor_shards moon_armor_shards demonic_aye skull_explosion skull_ray skull_contract_mercury skull_bloodstrike skull_bloodlust skull_call_of_blood skull_contract_venus skull_transformation skull_resurrection skull_contract_luna itemChip mediumItemChip highItemChip merkUSB classUSB	resistant_prod_2	armor_repair_kit weapon_repair_kit melee_repair_kit military_food_container regular_food_container water_container security_clothing_container weapon_container armor_container tool_container itemChip mediumItemChip highItemChip merkUSB classUSB	quasi_prod_2	regular_clothing_container weapon_container robot_parts_container ai_module medical_equipment quasiresearch_disk research_disk management_unit darknet_unit military_unit memory_software entertainment_software biomass_tank medical_components\r
February	other_industry_1 other_industry_2 other_industry_3 other_industry_6	luxury_food_container alcogol_container regular_clothing_container miner_clothing_container worker_clothing_container scientist_clothing_container security_clothing_container weapon_container armor_container tool_container geoscanner_device welding_machine_device chemical_analyzer quasiresearch_disk entertainment_software precious_metals itemChip mediumItemChip highItemChip merkUSB classUSB	resistant_prod_2	armor_repair_kit weapon_repair_kit melee_repair_kit military_food_container regular_food_container water_container security_clothing_container weapon_container armor_container tool_container itemChip mediumItemChip highItemChip merkUSB classUSB	quasi_prod_2	regular_clothing_container weapon_container robot_parts_container ai_module medical_equipment quasiresearch_disk research_disk management_unit darknet_unit military_unit memory_software entertainment_software biomass_tank medical_components\r
Kyoko	entertaiment_action_3 entertaiment_action_4 entertaiment_action_5	morphine rocketCandy caviar wagyu_steak truffle_oil tuna_steak packaged_recreational_robot itemChip mediumItemChip highItemChip merkUSB classUSB	resistant_prod_2	armor_repair_kit weapon_repair_kit melee_repair_kit military_food_container regular_food_container water_container security_clothing_container weapon_container armor_container tool_container itemChip mediumItemChip highItemChip merkUSB classUSB	quasi_prod_2	regular_clothing_container weapon_container robot_parts_container ai_module medical_equipment quasiresearch_disk research_disk management_unit darknet_unit military_unit memory_software entertainment_software biomass_tank medical_components\r
MechtaShooting	power_action_3 power_action_1 transit_5	luxury_food_container alcogol_container regular_clothing_container miner_clothing_container worker_clothing_container scientist_clothing_container security_clothing_container weapon_container armor_container tool_container geoscanner_device welding_machine_device chemical_analyzer quasiresearch_disk entertainment_software precious_metals itemChip mediumItemChip highItemChip merkUSB classUSB	resistant_prod_2	armor_repair_kit weapon_repair_kit melee_repair_kit military_food_container regular_food_container water_container security_clothing_container weapon_container armor_container tool_container itemChip mediumItemChip highItemChip merkUSB classUSB	quasi_prod_2	regular_clothing_container weapon_container robot_parts_container ai_module medical_equipment quasiresearch_disk research_disk management_unit darknet_unit military_unit memory_software entertainment_software biomass_tank medical_components\r
Kitchen	entertaiment_action_1 entertaiment_action_2 entertaiment_action_3	morphine rocketCandy caviar wagyu_steak truffle_oil tuna_steak packaged_recreational_robot itemChip mediumItemChip highItemChip merkUSB classUSB	resistant_prod_2	armor_repair_kit weapon_repair_kit melee_repair_kit military_food_container regular_food_container water_container security_clothing_container weapon_container armor_container tool_container itemChip mediumItemChip highItemChip merkUSB classUSB	quasi_prod_2	regular_clothing_container weapon_container robot_parts_container ai_module medical_equipment quasiresearch_disk research_disk management_unit darknet_unit military_unit memory_software entertainment_software biomass_tank medical_components\r
EStation	other_industry_1 other_industry_6	military_food_container communication_relay mining_equipment construction_equipment memory_software entertainment_software packaged_recreational_robot itemChip mediumItemChip highItemChip merkUSB classUSB	resistant_prod_2	armor_repair_kit weapon_repair_kit melee_repair_kit military_food_container regular_food_container water_container security_clothing_container weapon_container armor_container tool_container itemChip mediumItemChip highItemChip merkUSB classUSB	quasi_prod_2	regular_clothing_container weapon_container robot_parts_container ai_module medical_equipment quasiresearch_disk research_disk management_unit darknet_unit military_unit memory_software entertainment_software biomass_tank medical_components\r
Purgatory	other_industry_2 other_industry_3 other_industry_4 other_industry_5	luxury_food_container alcogol_container regular_clothing_container miner_clothing_container worker_clothing_container scientist_clothing_container security_clothing_container weapon_container armor_container tool_container geoscanner_device welding_machine_device chemical_analyzer quasiresearch_disk entertainment_software precious_metals itemChip mediumItemChip highItemChip merkUSB classUSB	resistant_prod_2	armor_repair_kit weapon_repair_kit melee_repair_kit military_food_container regular_food_container water_container security_clothing_container weapon_container armor_container tool_container itemChip mediumItemChip highItemChip merkUSB classUSB	quasi_prod_2	regular_clothing_container weapon_container robot_parts_container ai_module medical_equipment quasiresearch_disk research_disk management_unit darknet_unit military_unit memory_software entertainment_software biomass_tank medical_components\r
Edge	spy_action_5 spy_action_3 spy_action_4 capital_asset_1	miner_clothing_container worker_clothing_container weapon_container electrical_parts_container ai_module communication_relay quasi_sensor_device geoscanner_device medical_equipment chemical_analyzer hydraulic_pump packaged_recreational_robot itemChip mediumItemChip highItemChip merkUSB classUSB	resistant_prod_2	armor_repair_kit weapon_repair_kit melee_repair_kit military_food_container regular_food_container water_container security_clothing_container weapon_container armor_container tool_container itemChip mediumItemChip highItemChip merkUSB classUSB	quasi_prod_2	regular_clothing_container weapon_container robot_parts_container ai_module medical_equipment quasiresearch_disk research_disk management_unit darknet_unit military_unit memory_software entertainment_software biomass_tank medical_components\r
Blade	power_action_4 power_action_2 other_industry_7	luxury_food_container alcogol_container regular_clothing_container miner_clothing_container worker_clothing_container scientist_clothing_container security_clothing_container weapon_container armor_container tool_container geoscanner_device welding_machine_device chemical_analyzer quasiresearch_disk entertainment_software precious_metals itemChip mediumItemChip highItemChip merkUSB classUSB	resistant_prod_2	armor_repair_kit weapon_repair_kit melee_repair_kit military_food_container regular_food_container water_container security_clothing_container weapon_container armor_container tool_container itemChip mediumItemChip highItemChip merkUSB classUSB	quasi_prod_2	regular_clothing_container weapon_container robot_parts_container ai_module medical_equipment quasiresearch_disk research_disk management_unit darknet_unit military_unit memory_software entertainment_software biomass_tank medical_components\r
SampoQuern	food_industry_1 food_industry_2 food_industry_3 food_industry_4	regular_clothing_container worker_clothing_container ai_module scientific_equipment research_disk prototype_schematics precious_metals gunbang_magazine medical_components itemChip mediumItemChip highItemChip merkUSB classUSB	resistant_prod_2	armor_repair_kit weapon_repair_kit melee_repair_kit military_food_container regular_food_container water_container security_clothing_container weapon_container armor_container tool_container itemChip mediumItemChip highItemChip merkUSB classUSB	quasi_prod_2	regular_clothing_container weapon_container robot_parts_container ai_module medical_equipment quasiresearch_disk research_disk management_unit darknet_unit military_unit memory_software entertainment_software biomass_tank medical_components\r
VenusTwo	food_mining_4 food_mining_2 transit_6	regular_clothing_container worker_clothing_container ai_module scientific_equipment research_disk prototype_schematics precious_metals gunbang_magazine medical_components itemChip mediumItemChip highItemChip merkUSB classUSB	resistant_prod_2	armor_repair_kit weapon_repair_kit melee_repair_kit military_food_container regular_food_container water_container security_clothing_container weapon_container armor_container tool_container itemChip mediumItemChip highItemChip merkUSB classUSB	quasi_prod_2	regular_clothing_container weapon_container robot_parts_container ai_module medical_equipment quasiresearch_disk research_disk management_unit darknet_unit military_unit memory_software entertainment_software biomass_tank medical_components\r
PromisedLand	food_mining_1 food_mining_2	regular_clothing_container worker_clothing_container ai_module scientific_equipment research_disk prototype_schematics precious_metals gunbang_magazine medical_components itemChip mediumItemChip highItemChip merkUSB classUSB	resistant_prod_2	armor_repair_kit weapon_repair_kit melee_repair_kit military_food_container regular_food_container water_container security_clothing_container weapon_container armor_container tool_container itemChip mediumItemChip highItemChip merkUSB classUSB	quasi_prod_2	regular_clothing_container weapon_container robot_parts_container ai_module medical_equipment quasiresearch_disk research_disk management_unit darknet_unit military_unit memory_software entertainment_software biomass_tank medical_components\r
HeritageStation	spy_mining_1 spy_mining_2 spy_mining_3 capital_asset_1	luxury_food_container alcogol_container regular_clothing_container miner_clothing_container worker_clothing_container scientist_clothing_container security_clothing_container weapon_container armor_container tool_container geoscanner_device welding_machine_device chemical_analyzer quasiresearch_disk entertainment_software precious_metals itemChip mediumItemChip highItemChip merkUSB classUSB	resistant_prod_2	armor_repair_kit weapon_repair_kit melee_repair_kit military_food_container regular_food_container water_container security_clothing_container weapon_container armor_container tool_container itemChip mediumItemChip highItemChip merkUSB classUSB	quasi_prod_2	regular_clothing_container weapon_container robot_parts_container ai_module medical_equipment quasiresearch_disk research_disk management_unit darknet_unit military_unit memory_software entertainment_software biomass_tank medical_components\r
ArcadisTerminal	prod_mining_3 capital_asset_1 power_action_3	servo_backpack regular_food_container electrical_parts_container quasi_sensor_device management_unit darknet_unit military_unit drug_cargo gunbang_magazine itemChip mediumItemChip highItemChip merkUSB classUSB	resistant_prod_2	armor_repair_kit weapon_repair_kit melee_repair_kit military_food_container regular_food_container water_container security_clothing_container weapon_container armor_container tool_container itemChip mediumItemChip highItemChip merkUSB classUSB	quasi_prod_2	regular_clothing_container weapon_container robot_parts_container ai_module medical_equipment quasiresearch_disk research_disk management_unit darknet_unit military_unit memory_software entertainment_software biomass_tank medical_components\r
PineGapTraining	power_action_1 power_action_3 power_action_2 capital_asset_1	military_food_container communication_relay mining_equipment construction_equipment memory_software entertainment_software packaged_recreational_robot itemChip mediumItemChip highItemChip merkUSB classUSB	resistant_prod_2	armor_repair_kit weapon_repair_kit melee_repair_kit military_food_container regular_food_container water_container security_clothing_container weapon_container armor_container tool_container itemChip mediumItemChip highItemChip merkUSB classUSB	quasi_prod_2	regular_clothing_container weapon_container robot_parts_container ai_module medical_equipment quasiresearch_disk research_disk management_unit darknet_unit military_unit memory_software entertainment_software biomass_tank medical_components\r
Skylab	science_mining_1 science_mining_2 transit_3 science_devices_6	moon_crossbow mercury_staff moon_heavy_armor moon_armor azt_light_armor azt_heavy_armor venus_armor_shards moon_armor_shards demonic_aye skull_explosion skull_ray skull_contract_mercury skull_bloodstrike skull_bloodlust skull_call_of_blood skull_contract_venus skull_transformation skull_resurrection skull_contract_luna itemChip mediumItemChip highItemChip merkUSB classUSB	resistant_prod_2	armor_repair_kit weapon_repair_kit melee_repair_kit military_food_container regular_food_container water_container security_clothing_container weapon_container armor_container tool_container itemChip mediumItemChip highItemChip merkUSB classUSB	quasi_prod_2	regular_clothing_container weapon_container robot_parts_container ai_module medical_equipment quasiresearch_disk research_disk management_unit darknet_unit military_unit memory_software entertainment_software biomass_tank medical_components\r
ISSStation	science_devices_1 science_devices_2 science_devices_3	moon_crossbow mercury_staff moon_heavy_armor moon_armor azt_light_armor azt_heavy_armor venus_armor_shards moon_armor_shards demonic_aye skull_explosion skull_ray skull_contract_mercury skull_bloodstrike skull_bloodlust skull_call_of_blood skull_contract_venus skull_transformation skull_resurrection skull_contract_luna itemChip mediumItemChip highItemChip merkUSB classUSB	resistant_prod_2	armor_repair_kit weapon_repair_kit melee_repair_kit military_food_container regular_food_container water_container security_clothing_container weapon_container armor_container tool_container itemChip mediumItemChip highItemChip merkUSB classUSB	quasi_prod_2	regular_clothing_container weapon_container robot_parts_container ai_module medical_equipment quasiresearch_disk research_disk management_unit darknet_unit military_unit memory_software entertainment_software biomass_tank medical_components\r
Akatsuki	science_industry_5 science_industry_6 science_industry_7 science_industry_8 capital_asset_1	moon_crossbow mercury_staff moon_heavy_armor moon_armor azt_light_armor azt_heavy_armor venus_armor_shards moon_armor_shards demonic_aye skull_explosion skull_ray skull_contract_mercury skull_bloodstrike skull_bloodlust skull_call_of_blood skull_contract_venus skull_transformation skull_resurrection skull_contract_luna itemChip mediumItemChip highItemChip merkUSB classUSB	resistant_prod_2	armor_repair_kit weapon_repair_kit melee_repair_kit military_food_container regular_food_container water_container security_clothing_container weapon_container armor_container tool_container itemChip mediumItemChip highItemChip merkUSB classUSB	quasi_prod_2	regular_clothing_container weapon_container robot_parts_container ai_module medical_equipment quasiresearch_disk research_disk management_unit darknet_unit military_unit memory_software entertainment_software biomass_tank medical_components\r
Paragon	prod_industry_1 prod_industry_3 prod_industry_4 prod_industry_5 capital_asset_1	servo_backpack regular_food_container electrical_parts_container quasi_sensor_device management_unit darknet_unit military_unit drug_cargo gunbang_magazine itemChip mediumItemChip highItemChip merkUSB classUSB	resistant_prod_2	armor_repair_kit weapon_repair_kit melee_repair_kit military_food_container regular_food_container water_container security_clothing_container weapon_container armor_container tool_container itemChip mediumItemChip highItemChip merkUSB classUSB	quasi_prod_2	regular_clothing_container weapon_container robot_parts_container ai_module medical_equipment quasiresearch_disk research_disk management_unit darknet_unit military_unit memory_software entertainment_software biomass_tank medical_components\r
Phenomenon	prod_devices_4 prod_devices_5 prod_devices_6	servo_backpack regular_food_container electrical_parts_container quasi_sensor_device management_unit darknet_unit military_unit drug_cargo gunbang_magazine itemChip mediumItemChip highItemChip merkUSB classUSB	resistant_prod_2	armor_repair_kit weapon_repair_kit melee_repair_kit military_food_container regular_food_container water_container security_clothing_container weapon_container armor_container tool_container itemChip mediumItemChip highItemChip merkUSB classUSB	quasi_prod_2	regular_clothing_container weapon_container robot_parts_container ai_module medical_equipment quasiresearch_disk research_disk management_unit darknet_unit military_unit memory_software entertainment_software biomass_tank medical_components\r
SterlingsFarm	food_mining_2 food_mining_3	regular_clothing_container worker_clothing_container ai_module scientific_equipment research_disk prototype_schematics precious_metals gunbang_magazine medical_components itemChip mediumItemChip highItemChip merkUSB classUSB	resistant_prod_2	armor_repair_kit weapon_repair_kit melee_repair_kit military_food_container regular_food_container water_container security_clothing_container weapon_container armor_container tool_container itemChip mediumItemChip highItemChip merkUSB classUSB	quasi_prod_2	regular_clothing_container weapon_container robot_parts_container ai_module medical_equipment quasiresearch_disk research_disk management_unit darknet_unit military_unit memory_software entertainment_software biomass_tank medical_components\r
HartsWarehouse	food_industry_1 food_industry_2 food_industry_3 food_industry_4	regular_clothing_container worker_clothing_container ai_module scientific_equipment research_disk prototype_schematics precious_metals gunbang_magazine medical_components itemChip mediumItemChip highItemChip merkUSB classUSB	resistant_prod_2	armor_repair_kit weapon_repair_kit melee_repair_kit military_food_container regular_food_container water_container security_clothing_container weapon_container armor_container tool_container itemChip mediumItemChip highItemChip merkUSB classUSB	quasi_prod_2	regular_clothing_container weapon_container robot_parts_container ai_module medical_equipment quasiresearch_disk research_disk management_unit darknet_unit military_unit memory_software entertainment_software biomass_tank medical_components\r
FullersCore	entertaiment_action_2 entertaiment_action_3 entertaiment_action_4	morphine rocketCandy caviar wagyu_steak truffle_oil tuna_steak packaged_recreational_robot itemChip mediumItemChip highItemChip merkUSB classUSB	resistant_prod_2	armor_repair_kit weapon_repair_kit melee_repair_kit military_food_container regular_food_container water_container security_clothing_container weapon_container armor_container tool_container itemChip mediumItemChip highItemChip merkUSB classUSB	quasi_prod_2	regular_clothing_container weapon_container robot_parts_container ai_module medical_equipment quasiresearch_disk research_disk management_unit darknet_unit military_unit memory_software entertainment_software biomass_tank medical_components\r
PlatosAcademy	science_mining_3 science_mining_1 spy_action_1 power_action_5	moon_crossbow mercury_staff moon_heavy_armor moon_armor azt_light_armor azt_heavy_armor venus_armor_shards moon_armor_shards demonic_aye skull_explosion skull_ray skull_contract_mercury skull_bloodstrike skull_bloodlust skull_call_of_blood skull_contract_venus skull_transformation skull_resurrection skull_contract_luna itemChip mediumItemChip highItemChip merkUSB classUSB	resistant_prod_2	armor_repair_kit weapon_repair_kit melee_repair_kit military_food_container regular_food_container water_container security_clothing_container weapon_container armor_container tool_container itemChip mediumItemChip highItemChip merkUSB classUSB	quasi_prod_2	regular_clothing_container weapon_container robot_parts_container ai_module medical_equipment quasiresearch_disk research_disk management_unit darknet_unit military_unit memory_software entertainment_software biomass_tank medical_components\r
AvicennasClinic	science_devices_2 science_devices_3 science_devices_7	moon_crossbow mercury_staff moon_heavy_armor moon_armor azt_light_armor azt_heavy_armor venus_armor_shards moon_armor_shards demonic_aye skull_explosion skull_ray skull_contract_mercury skull_bloodstrike skull_bloodlust skull_call_of_blood skull_contract_venus skull_transformation skull_resurrection skull_contract_luna itemChip mediumItemChip highItemChip merkUSB classUSB	resistant_prod_2	armor_repair_kit weapon_repair_kit melee_repair_kit military_food_container regular_food_container water_container security_clothing_container weapon_container armor_container tool_container itemChip mediumItemChip highItemChip merkUSB classUSB	quasi_prod_2	regular_clothing_container weapon_container robot_parts_container ai_module medical_equipment quasiresearch_disk research_disk management_unit darknet_unit military_unit memory_software entertainment_software biomass_tank medical_components\r
VanDeGraaff	science_mining_3 science_mining_2	moon_crossbow mercury_staff moon_heavy_armor moon_armor azt_light_armor azt_heavy_armor venus_armor_shards moon_armor_shards demonic_aye skull_explosion skull_ray skull_contract_mercury skull_bloodstrike skull_bloodlust skull_call_of_blood skull_contract_venus skull_transformation skull_resurrection skull_contract_luna itemChip mediumItemChip highItemChip merkUSB classUSB	resistant_prod_2	armor_repair_kit weapon_repair_kit melee_repair_kit military_food_container regular_food_container water_container security_clothing_container weapon_container armor_container tool_container itemChip mediumItemChip highItemChip merkUSB classUSB	quasi_prod_2	regular_clothing_container weapon_container robot_parts_container ai_module medical_equipment quasiresearch_disk research_disk management_unit darknet_unit military_unit memory_software entertainment_software biomass_tank medical_components\r
ChickMoo	food_industry_1 food_industry_2 food_industry_3 food_industry_4	regular_clothing_container worker_clothing_container ai_module scientific_equipment research_disk prototype_schematics precious_metals gunbang_magazine medical_components itemChip mediumItemChip highItemChip merkUSB classUSB	resistant_prod_2	armor_repair_kit weapon_repair_kit melee_repair_kit military_food_container regular_food_container water_container security_clothing_container weapon_container armor_container tool_container itemChip mediumItemChip highItemChip merkUSB classUSB	quasi_prod_2	regular_clothing_container weapon_container robot_parts_container ai_module medical_equipment quasiresearch_disk research_disk management_unit darknet_unit military_unit memory_software entertainment_software biomass_tank medical_components\r
LandscronaCenter	spy_action_5 spy_action_1 spy_action_2	luxury_food_container alcogol_container regular_clothing_container miner_clothing_container worker_clothing_container scientist_clothing_container security_clothing_container weapon_container armor_container tool_container geoscanner_device welding_machine_device chemical_analyzer quasiresearch_disk entertainment_software precious_metals itemChip mediumItemChip highItemChip merkUSB classUSB	resistant_prod_2	armor_repair_kit weapon_repair_kit melee_repair_kit military_food_container regular_food_container water_container security_clothing_container weapon_container armor_container tool_container itemChip mediumItemChip highItemChip merkUSB classUSB	quasi_prod_2	regular_clothing_container weapon_container robot_parts_container ai_module medical_equipment quasiresearch_disk research_disk management_unit darknet_unit military_unit memory_software entertainment_software biomass_tank medical_components\r
CenterDefense	military_devices_1 military_devices_2 military_devices_3 military_devices_4	military_food_container communication_relay mining_equipment construction_equipment memory_software entertainment_software packaged_recreational_robot itemChip mediumItemChip highItemChip merkUSB classUSB	resistant_prod_2	armor_repair_kit weapon_repair_kit melee_repair_kit military_food_container regular_food_container water_container security_clothing_container weapon_container armor_container tool_container itemChip mediumItemChip highItemChip merkUSB classUSB	quasi_prod_2	regular_clothing_container weapon_container robot_parts_container ai_module medical_equipment quasiresearch_disk research_disk management_unit darknet_unit military_unit memory_software entertainment_software biomass_tank medical_components\r
ZeroGravity	power_action_1 power_action_4	military_food_container communication_relay mining_equipment construction_equipment memory_software entertainment_software packaged_recreational_robot itemChip mediumItemChip highItemChip merkUSB classUSB	resistant_prod_2	armor_repair_kit weapon_repair_kit melee_repair_kit military_food_container regular_food_container water_container security_clothing_container weapon_container armor_container tool_container itemChip mediumItemChip highItemChip merkUSB classUSB	quasi_prod_2	regular_clothing_container weapon_container robot_parts_container ai_module medical_equipment quasiresearch_disk research_disk management_unit darknet_unit military_unit memory_software entertainment_software biomass_tank medical_components\r
MTZ	prod_devices_1 prod_devices_2 prod_devices_3 science_industry_4	servo_backpack regular_food_container electrical_parts_container quasi_sensor_device management_unit darknet_unit military_unit drug_cargo gunbang_magazine itemChip mediumItemChip highItemChip merkUSB classUSB	resistant_prod_2	armor_repair_kit weapon_repair_kit melee_repair_kit military_food_container regular_food_container water_container security_clothing_container weapon_container armor_container tool_container itemChip mediumItemChip highItemChip merkUSB classUSB	quasi_prod_2	regular_clothing_container weapon_container robot_parts_container ai_module medical_equipment quasiresearch_disk research_disk management_unit darknet_unit military_unit memory_software entertainment_software biomass_tank medical_components\r
QiHelium	prod_industry_1 prod_industry_3 prod_industry_4 prod_industry_5	servo_backpack regular_food_container electrical_parts_container quasi_sensor_device management_unit darknet_unit military_unit drug_cargo gunbang_magazine itemChip mediumItemChip highItemChip merkUSB classUSB	resistant_prod_2	armor_repair_kit weapon_repair_kit melee_repair_kit military_food_container regular_food_container water_container security_clothing_container weapon_container armor_container tool_container itemChip mediumItemChip highItemChip merkUSB classUSB	quasi_prod_2	regular_clothing_container weapon_container robot_parts_container ai_module medical_equipment quasiresearch_disk research_disk management_unit darknet_unit military_unit memory_software entertainment_software biomass_tank medical_components\r
AnCapDogma	prod_mining_1 prod_mining_5 prod_mining_2 transit_2	servo_backpack regular_food_container electrical_parts_container quasi_sensor_device management_unit darknet_unit military_unit drug_cargo gunbang_magazine itemChip mediumItemChip highItemChip merkUSB classUSB	resistant_prod_2	armor_repair_kit weapon_repair_kit melee_repair_kit military_food_container regular_food_container water_container security_clothing_container weapon_container armor_container tool_container itemChip mediumItemChip highItemChip merkUSB classUSB	quasi_prod_2	regular_clothing_container weapon_container robot_parts_container ai_module medical_equipment quasiresearch_disk research_disk management_unit darknet_unit military_unit memory_software entertainment_software biomass_tank medical_components\r
MoonTradeCenter	entertaiment_action_4 entertaiment_action_5	morphine rocketCandy caviar wagyu_steak truffle_oil tuna_steak packaged_recreational_robot itemChip mediumItemChip highItemChip merkUSB classUSB	resistant_prod_2	armor_repair_kit weapon_repair_kit melee_repair_kit military_food_container regular_food_container water_container security_clothing_container weapon_container armor_container tool_container itemChip mediumItemChip highItemChip merkUSB classUSB	quasi_prod_2	regular_clothing_container weapon_container robot_parts_container ai_module medical_equipment quasiresearch_disk research_disk management_unit darknet_unit military_unit memory_software entertainment_software biomass_tank medical_components\r
Candle	spy_action_1 spy_action_2 spy_action_3 spy_action_4 entertaiment_action_3	miner_clothing_container worker_clothing_container weapon_container electrical_parts_container ai_module communication_relay quasi_sensor_device geoscanner_device medical_equipment chemical_analyzer hydraulic_pump packaged_recreational_robot itemChip mediumItemChip highItemChip merkUSB classUSB	resistant_prod_2	armor_repair_kit weapon_repair_kit melee_repair_kit military_food_container regular_food_container water_container security_clothing_container weapon_container armor_container tool_container itemChip mediumItemChip highItemChip merkUSB classUSB	quasi_prod_2	regular_clothing_container weapon_container robot_parts_container ai_module medical_equipment quasiresearch_disk research_disk management_unit darknet_unit military_unit memory_software entertainment_software biomass_tank medical_components\r
AllianceArcology	spy_action_1 spy_action_2 spy_action_3 spy_action_4 science_devices_6	miner_clothing_container worker_clothing_container weapon_container electrical_parts_container ai_module communication_relay quasi_sensor_device geoscanner_device medical_equipment chemical_analyzer hydraulic_pump packaged_recreational_robot itemChip mediumItemChip highItemChip merkUSB classUSB	resistant_prod_2	armor_repair_kit weapon_repair_kit melee_repair_kit military_food_container regular_food_container water_container security_clothing_container weapon_container armor_container tool_container itemChip mediumItemChip highItemChip merkUSB classUSB	quasi_prod_2	regular_clothing_container weapon_container robot_parts_container ai_module medical_equipment quasiresearch_disk research_disk management_unit darknet_unit military_unit memory_software entertainment_software biomass_tank medical_components\r
Tycho	other_industry_1 other_industry_6 transit_5	military_food_container communication_relay mining_equipment construction_equipment memory_software entertainment_software packaged_recreational_robot itemChip mediumItemChip highItemChip merkUSB classUSB	resistant_prod_2	armor_repair_kit weapon_repair_kit melee_repair_kit military_food_container regular_food_container water_container security_clothing_container weapon_container armor_container tool_container itemChip mediumItemChip highItemChip merkUSB classUSB	quasi_prod_2	regular_clothing_container weapon_container robot_parts_container ai_module medical_equipment quasiresearch_disk research_disk management_unit darknet_unit military_unit memory_software entertainment_software biomass_tank medical_components\r
ShuCenter\r	spy_mining_1 spy_mining_2 spy_mining_3	miner_clothing_container worker_clothing_container weapon_container electrical_parts_container ai_module communication_relay quasi_sensor_device geoscanner_device medical_equipment chemical_analyzer hydraulic_pump packaged_recreational_robot itemChip mediumItemChip highItemChip merkUSB classUSB	resistant_prod_2	armor_repair_kit weapon_repair_kit melee_repair_kit military_food_container regular_food_container water_container security_clothing_container weapon_container armor_container tool_container itemChip mediumItemChip highItemChip merkUSB classUSB	quasi_prod_2	regular_clothing_container weapon_container robot_parts_container ai_module medical_equipment quasiresearch_disk research_disk management_unit darknet_unit military_unit memory_software entertainment_software biomass_tank medical_components\r
RedTiangong	food_industry_1 food_industry_2 food_industry_3 food_industry_4	regular_clothing_container worker_clothing_container ai_module scientific_equipment research_disk prototype_schematics precious_metals gunbang_magazine medical_components itemChip mediumItemChip highItemChip merkUSB classUSB	resistant_prod_2	armor_repair_kit weapon_repair_kit melee_repair_kit military_food_container regular_food_container water_container security_clothing_container weapon_container armor_container tool_container itemChip mediumItemChip highItemChip merkUSB classUSB	quasi_prod_2	regular_clothing_container weapon_container robot_parts_container ai_module medical_equipment quasiresearch_disk research_disk management_unit darknet_unit military_unit memory_software entertainment_software biomass_tank medical_components\r
RebusSkyCity	prod_devices_4 prod_devices_5 prod_devices_6	servo_backpack regular_food_container electrical_parts_container quasi_sensor_device management_unit darknet_unit military_unit drug_cargo gunbang_magazine itemChip mediumItemChip highItemChip merkUSB classUSB	resistant_prod_2	armor_repair_kit weapon_repair_kit melee_repair_kit military_food_container regular_food_container water_container security_clothing_container weapon_container armor_container tool_container itemChip mediumItemChip highItemChip merkUSB classUSB	quasi_prod_2	regular_clothing_container weapon_container robot_parts_container ai_module medical_equipment quasiresearch_disk research_disk management_unit darknet_unit military_unit memory_software entertainment_software biomass_tank medical_components\r
HISAres	military_devices_4 military_devices_5 military_devices_6 military_devices_1 other_industry_7	luxury_food_container alcogol_container regular_clothing_container miner_clothing_container worker_clothing_container scientist_clothing_container security_clothing_container weapon_container armor_container tool_container geoscanner_device welding_machine_device chemical_analyzer quasiresearch_disk entertainment_software precious_metals itemChip mediumItemChip highItemChip merkUSB classUSB	resistant_prod_2	armor_repair_kit weapon_repair_kit melee_repair_kit military_food_container regular_food_container water_container security_clothing_container weapon_container armor_container tool_container itemChip mediumItemChip highItemChip merkUSB classUSB	quasi_prod_2	regular_clothing_container weapon_container robot_parts_container ai_module medical_equipment quasiresearch_disk research_disk management_unit darknet_unit military_unit memory_software entertainment_software biomass_tank medical_components\r
Argyre	prod_mining_1 prod_mining_5 prod_mining_2 power_action_5	servo_backpack regular_food_container electrical_parts_container quasi_sensor_device management_unit darknet_unit military_unit drug_cargo gunbang_magazine itemChip mediumItemChip highItemChip merkUSB classUSB	resistant_prod_2	armor_repair_kit weapon_repair_kit melee_repair_kit military_food_container regular_food_container water_container security_clothing_container weapon_container armor_container tool_container itemChip mediumItemChip highItemChip merkUSB classUSB	quasi_prod_2	regular_clothing_container weapon_container robot_parts_container ai_module medical_equipment quasiresearch_disk research_disk management_unit darknet_unit military_unit memory_software entertainment_software biomass_tank medical_components\r
SinkholeOasis	military_devices_4 military_devices_5 military_devices_6 military_devices_2	luxury_food_container alcogol_container regular_clothing_container miner_clothing_container worker_clothing_container scientist_clothing_container security_clothing_container weapon_container armor_container tool_container geoscanner_device welding_machine_device chemical_analyzer quasiresearch_disk entertainment_software precious_metals itemChip mediumItemChip highItemChip merkUSB classUSB	resistant_prod_2	armor_repair_kit weapon_repair_kit melee_repair_kit military_food_container regular_food_container water_container security_clothing_container weapon_container armor_container tool_container itemChip mediumItemChip highItemChip merkUSB classUSB	quasi_prod_2	regular_clothing_container weapon_container robot_parts_container ai_module medical_equipment quasiresearch_disk research_disk management_unit darknet_unit military_unit memory_software entertainment_software biomass_tank medical_components\r
Gloria	prod_mining_3 prod_mining_4 transit_3	servo_backpack regular_food_container electrical_parts_container quasi_sensor_device management_unit darknet_unit military_unit drug_cargo gunbang_magazine itemChip mediumItemChip highItemChip merkUSB classUSB	resistant_prod_2	armor_repair_kit weapon_repair_kit melee_repair_kit military_food_container regular_food_container water_container security_clothing_container weapon_container armor_container tool_container itemChip mediumItemChip highItemChip merkUSB classUSB	quasi_prod_2	regular_clothing_container weapon_container robot_parts_container ai_module medical_equipment quasiresearch_disk research_disk management_unit darknet_unit military_unit memory_software entertainment_software biomass_tank medical_components\r
IntercityTradeCenter	entertaiment_action_5 entertaiment_action_1 transit_4	morphine rocketCandy caviar wagyu_steak truffle_oil tuna_steak packaged_recreational_robot itemChip mediumItemChip highItemChip merkUSB classUSB	resistant_prod_2	armor_repair_kit weapon_repair_kit melee_repair_kit military_food_container regular_food_container water_container security_clothing_container weapon_container armor_container tool_container itemChip mediumItemChip highItemChip merkUSB classUSB	quasi_prod_2	regular_clothing_container weapon_container robot_parts_container ai_module medical_equipment quasiresearch_disk research_disk management_unit darknet_unit military_unit memory_software entertainment_software biomass_tank medical_components\r
Charon	other_industry_1 other_industry_2 other_industry_3 other_industry_6	military_food_container communication_relay mining_equipment construction_equipment memory_software entertainment_software packaged_recreational_robot itemChip mediumItemChip highItemChip merkUSB classUSB	resistant_prod_2	armor_repair_kit weapon_repair_kit melee_repair_kit military_food_container regular_food_container water_container security_clothing_container weapon_container armor_container tool_container itemChip mediumItemChip highItemChip merkUSB classUSB	quasi_prod_2	regular_clothing_container weapon_container robot_parts_container ai_module medical_equipment quasiresearch_disk research_disk management_unit darknet_unit military_unit memory_software entertainment_software biomass_tank medical_components\r
Canaan	prod_devices_1 prod_devices_2 prod_devices_3	servo_backpack regular_food_container electrical_parts_container quasi_sensor_device management_unit darknet_unit military_unit drug_cargo gunbang_magazine itemChip mediumItemChip highItemChip merkUSB classUSB	resistant_prod_2	armor_repair_kit weapon_repair_kit melee_repair_kit military_food_container regular_food_container water_container security_clothing_container weapon_container armor_container tool_container itemChip mediumItemChip highItemChip merkUSB classUSB	quasi_prod_2	regular_clothing_container weapon_container robot_parts_container ai_module medical_equipment quasiresearch_disk research_disk management_unit darknet_unit military_unit memory_software entertainment_software biomass_tank medical_components\r
Hypnos	food_mining_1 food_mining_3	regular_clothing_container worker_clothing_container ai_module scientific_equipment research_disk prototype_schematics precious_metals gunbang_magazine medical_components itemChip mediumItemChip highItemChip merkUSB classUSB	resistant_prod_2	armor_repair_kit weapon_repair_kit melee_repair_kit military_food_container regular_food_container water_container security_clothing_container weapon_container armor_container tool_container itemChip mediumItemChip highItemChip merkUSB classUSB	quasi_prod_2	regular_clothing_container weapon_container robot_parts_container ai_module medical_equipment quasiresearch_disk research_disk management_unit darknet_unit military_unit memory_software entertainment_software biomass_tank medical_components\r
Orphan	prod_mining_3 prod_mining_4	servo_backpack regular_food_container electrical_parts_container quasi_sensor_device management_unit darknet_unit military_unit drug_cargo gunbang_magazine itemChip mediumItemChip highItemChip merkUSB classUSB	resistant_prod_2	armor_repair_kit weapon_repair_kit melee_repair_kit military_food_container regular_food_container water_container security_clothing_container weapon_container armor_container tool_container itemChip mediumItemChip highItemChip merkUSB classUSB	quasi_prod_2	regular_clothing_container weapon_container robot_parts_container ai_module medical_equipment quasiresearch_disk research_disk management_unit darknet_unit military_unit memory_software entertainment_software biomass_tank medical_components\r
RogueCity	military_devices_1 military_devices_2 military_devices_5 military_devices_6	luxury_food_container alcogol_container regular_clothing_container miner_clothing_container worker_clothing_container scientist_clothing_container security_clothing_container weapon_container armor_container tool_container geoscanner_device welding_machine_device chemical_analyzer quasiresearch_disk entertainment_software precious_metals itemChip mediumItemChip highItemChip merkUSB classUSB	resistant_prod_1	armor_repair_kit weapon_repair_kit melee_repair_kit military_food_container regular_food_container water_container security_clothing_container weapon_container armor_container tool_container itemChip mediumItemChip highItemChip merkUSB classUSB	quasi_prod_2	regular_clothing_container weapon_container robot_parts_container ai_module medical_equipment quasiresearch_disk research_disk management_unit darknet_unit military_unit memory_software entertainment_software biomass_tank medical_components\r
SwiftAndVoltaire	science_industry_1 science_industry_2 science_industry_3 science_industry_4	moon_crossbow mercury_staff moon_heavy_armor moon_armor azt_light_armor azt_heavy_armor venus_armor_shards moon_armor_shards demonic_aye skull_explosion skull_ray skull_contract_mercury skull_bloodstrike skull_bloodlust skull_call_of_blood skull_contract_venus skull_transformation skull_resurrection skull_contract_luna itemChip mediumItemChip highItemChip merkUSB classUSB	resistant_prod_2	armor_repair_kit weapon_repair_kit melee_repair_kit military_food_container regular_food_container water_container security_clothing_container weapon_container armor_container tool_container itemChip mediumItemChip highItemChip merkUSB classUSB	quasi_prod_2	regular_clothing_container weapon_container robot_parts_container ai_module medical_equipment quasiresearch_disk research_disk management_unit darknet_unit military_unit memory_software entertainment_software biomass_tank medical_components\r
AresPost	spy_mining_1 spy_mining_2 spy_mining_3	miner_clothing_container worker_clothing_container weapon_container electrical_parts_container ai_module communication_relay quasi_sensor_device geoscanner_device medical_equipment chemical_analyzer hydraulic_pump packaged_recreational_robot itemChip mediumItemChip highItemChip merkUSB classUSB	resistant_prod_2	armor_repair_kit weapon_repair_kit melee_repair_kit military_food_container regular_food_container water_container security_clothing_container weapon_container armor_container tool_container itemChip mediumItemChip highItemChip merkUSB classUSB	quasi_prod_2	regular_clothing_container weapon_container robot_parts_container ai_module medical_equipment quasiresearch_disk research_disk management_unit darknet_unit military_unit memory_software entertainment_software biomass_tank medical_components\r
Warden	food_mining_2 food_mining_3 transit_6	regular_clothing_container worker_clothing_container ai_module scientific_equipment research_disk prototype_schematics precious_metals gunbang_magazine medical_components itemChip mediumItemChip highItemChip merkUSB classUSB	resistant_prod_2	armor_repair_kit weapon_repair_kit melee_repair_kit military_food_container regular_food_container water_container security_clothing_container weapon_container armor_container tool_container itemChip mediumItemChip highItemChip merkUSB classUSB	quasi_prod_2	regular_clothing_container weapon_container robot_parts_container ai_module medical_equipment quasiresearch_disk research_disk management_unit darknet_unit military_unit memory_software entertainment_software biomass_tank medical_components\r
DarkFlora	science_mining_1 science_mining_2 capital_asset_1	moon_crossbow mercury_staff moon_heavy_armor moon_armor azt_light_armor azt_heavy_armor venus_armor_shards moon_armor_shards demonic_aye skull_explosion skull_ray skull_contract_mercury skull_bloodstrike skull_bloodlust skull_call_of_blood skull_contract_venus skull_transformation skull_resurrection skull_contract_luna itemChip mediumItemChip highItemChip merkUSB classUSB	resistant_prod_2	armor_repair_kit weapon_repair_kit melee_repair_kit military_food_container regular_food_container water_container security_clothing_container weapon_container armor_container tool_container itemChip mediumItemChip highItemChip merkUSB classUSB	quasi_prod_2	regular_clothing_container weapon_container robot_parts_container ai_module medical_equipment quasiresearch_disk research_disk management_unit darknet_unit military_unit memory_software entertainment_software biomass_tank medical_components\r
Sundog	prod_mining_1 prod_mining_5 prod_mining_2	servo_backpack regular_food_container electrical_parts_container quasi_sensor_device management_unit darknet_unit military_unit drug_cargo gunbang_magazine itemChip mediumItemChip highItemChip merkUSB classUSB	resistant_prod_2	armor_repair_kit weapon_repair_kit melee_repair_kit military_food_container regular_food_container water_container security_clothing_container weapon_container armor_container tool_container itemChip mediumItemChip highItemChip merkUSB classUSB	quasi_prod_2	regular_clothing_container weapon_container robot_parts_container ai_module medical_equipment quasiresearch_disk research_disk management_unit darknet_unit military_unit memory_software entertainment_software biomass_tank medical_components\r
#end						\r
						\r
#barter_receipts						\r
Id	InputItems	OutputItems	OutputTechLevelGain	OutputPowerGain	ProduceTimeInHours	\r
prod_mining_1	mining_equipment geoscanner_device	precious_metals armor_shards weapon_shards precious_metals armor_shards weapon_shards	0.03	2	96	\r
prod_mining_2	packaged_industrial_robot	blunt_melee_shards pierce_melee_shards blunt_melee_shards ceramite_shards ceramite_shards	0.03	2	96	\r
prod_mining_3	construction_equipment	rusty_shards coarse_gears rod rusty_shards coarse_gears rod ceramite_shards ceramite_shards	0.03	2	96	\r
prod_mining_4	miner_clothing_container	armor_shards weapon_shards blunt_melee_shards pierce_melee_shards precious_metals	0.03	2	96	\r
prod_mining_5	miner_clothing_container	rusty_shards coarse_gears rod precious_metals ceramite_shards ceramite_shards	0.03	2	96	\r
science_mining_1	medical_equipment chemical_analyzer	memory_software entertainment_software	0.04	1	96	\r
science_mining_2	scientific_equipment scientist_clothing_container	research_disk prototype_schematics acid	0.04	1	96	\r
science_mining_3	quasi_sensor_device	moon_bones moon_guts demonic_shards quasisamples	0.04	1	96	\r
science_mining_4	quasi_sensor_device	mercury_guts mercury_scales demonic_shards quasisamples	0.04	1	96	\r
science_mining_5	quasi_sensor_device	aztec_guts venus_armor_shards demonic_shards quasisamples	0.04	1	96	\r
food_mining_1	hydraulic_pump worker_clothing_container	acid water_container water_container	0.03	1	96	\r
food_mining_2	welding_machine_device	biomass_tank biomass_tank biomass_tank organsBox acid	0.03	1	96	\r
food_mining_3	hydraulic_pump	biomass_tank biomass_tank biomass_tank water_container	0.03	1	96	\r
food_mining_4	packaged_industrial_robot	acid organsBox	0.03	1	96	\r
spy_mining_1	automap	expert_disk personalKey ledgerBook management_unit darknet_unit military_unit	0.04	1	96	\r
spy_mining_2	regular_clothing_container	management_unit darknet_unit military_unit	0.04	1	96	\r
spy_mining_3	defibrillator_device	expert_disk personalKey ledgerBook	0.04	1	96	\r
prod_industry_1	precious_metals	wire	0.03	1	96	\r
prod_industry_2	coarse_gears rod	robot_parts_container	0.03	1	96	\r
prod_industry_3	pierce_melee_shards blunt_melee_shards	electrical_parts_container	0.03	1	96	\r
prod_industry_4	rusty_shards acid	transformer	0.03	1	96	\r
prod_industry_5	precious_metals	capacitor	0.03	1	96	\r
prod_industry_6	armor_shards blunt_melee_shards	tool_container	0.03	1	96	\r
prod_industry_7	ceramite_shards weapon_shards	military_parts_container military_parts_container military_parts_container	0.03	1	96	\r
prod_industry_8	rusty_shards rod	engineering_parts_container	0.03	1	96	\r
science_industry_1	acid	explosives explosives	0.04	1	96	\r
science_industry_2	ceramite_shards	lens bulb	0.04	1	96	\r
science_industry_3	water_container rusty_shards	medical_components	0.04	1	96	\r
science_industry_4	organsBox armor_shards	surgicalKit	0.04	1	96	\r
science_industry_5	rusty_shards	circuit_board circuit_board	0.04	1	96	\r
science_industry_6	precious_metals	microelectronics circuit_board	0.04	1	96	\r
science_industry_7	weapon_shards prototype_schematics	ai_module ai_module	0.04	1	96	\r
science_industry_8	coarse_gears	communication_relay communication_relay	0.04	1	96	\r
food_industry_1	water_container biomass_tank	regular_food_container	0.03	1	96	\r
food_industry_2	biomass_tank biomass_tank	military_food_container	0.03	1	96	\r
food_industry_3	organsBox acid	luxury_food_container	0.03	1	96	\r
food_industry_4	water_container	alcogol_container	0.03	1	96	\r
other_industry_1	pierce_melee_shards	regular_clothing_container	0.03	1	96	\r
other_industry_2	rusty_shards	miner_clothing_container circuit_board	0.03	1	96	\r
other_industry_3	armor_shards	worker_clothing_container	0.03	1	96	\r
other_industry_4	personalKey	scientist_clothing_container	0.03	1	96	\r
other_industry_5	ceramite_shards weapon_shards	security_clothing_container	0.03	1	96	\r
other_industry_6	biomass_tank	drug_cargo organsBox	0.03	1	96	\r
other_industry_7	security_clothing_container	automap	0.03	1	96	\r
prod_devices_1	engineering_parts_container explosives ai_module	mining_equipment mining_equipment	0.03	1	96	\r
prod_devices_2	tool_container explosives lens	construction_equipment construction_equipment	0.03	1	96	\r
prod_devices_3	electrical_parts_container circuit_board	welding_machine_device welding_machine_device	0.03	1	96	\r
prod_devices_4	robot_parts_container circuit_board tool_container	packaged_industrial_robot packaged_industrial_robot packaged_industrial_robot	0.03	1	96	\r
prod_devices_5	robot_parts_container microelectronics communication_relay	packaged_recreational_robot	0.03	1	96	\r
prod_devices_6	electrical_parts_container wire	hydraulic_pump	0.03	1	96	\r
military_devices_1	military_parts_container explosives	weapon_container	0.03	4	96	\r
military_devices_2	military_parts_container tool_container	armor_container	0.03	4	96	\r
military_devices_3	memory_software	gunbang_magazine	0.03	4	96	\r
military_devices_4	communication_relay circuit_board bulb	automap packaged_security_robot	0.03	4	96	\r
military_devices_5	microelectronics bulb	nanorobot_grenade	0.03	4	96	\r
military_devices_6	robot_parts_container ai_module military_parts_container	packaged_security_robot packaged_security_robot	0.03	4	96	\r
science_devices_1	research_disk quasisamples	quasiresearch_disk	0.04	1	96	\r
science_devices_2	bulb wire surgicalKit	medical_equipment medical_equipment	0.04	1	96	\r
science_devices_3	lens wire medical_components	scientific_equipment scientific_equipment	0.04	1	96	\r
science_devices_4	lens wire medical_components	chemical_analyzer chemical_analyzer	0.04	1	96	\r
science_devices_5	transformer lens	geoscanner_device geoscanner_device	0.04	1	96	\r
science_devices_6	capacitor electrical_parts_container	quasi_sensor_device quasi_sensor_device	0.04	1	96	\r
science_devices_7	transformer circuit_board	defibrillator_device defibrillator_device	0.04	1	96	\r
power_action_1	weapon_container armor_container		0.03	5	96	\r
power_action_2	packaged_security_robot military_unit		0.03	5	96	\r
power_action_3	nanorobot_grenade		0.03	5	96	\r
power_action_4	military_food_container		0.03	5	96	\r
power_action_5	military_food_container military_unit		0.03	5	96	\r
entertaiment_action_1	gunbang_magazine		0.03	1	96	\r
entertaiment_action_2	packaged_recreational_robot		0.03	1	96	\r
entertaiment_action_3	drug_cargo		0.03	1	96	\r
entertaiment_action_4	alcogol_container		0.03	1	96	\r
entertaiment_action_5	luxury_food_container		0.03	1	96	\r
spy_action_1	quasiresearch_disk		0.04	1	96	\r
spy_action_2	management_unit expert_disk		0.04	1	96	\r
spy_action_3	darknet_unit personalKey		0.04	1	96	\r
spy_action_4	ledgerBook		0.04	1	96	\r
spy_action_5	regular_food_container		0.04	1	96	\r
transit_1			0.01	0	48	\r
transit_2			0.01	0	48	\r
transit_3			0.01	0	48	\r
transit_4			0.01	0	48	\r
transit_5			0.01	0	48	\r
transit_6			0.01	0	48	\r
capital_asset_1			0.045	8	192	\r
quasi_prod_1			0.055	10	96	\r
quasi_prod_2			0.03	3	96	\r
resistant_prod_1			0.055	10	96	\r
resistant_prod_2			0.01	1	192	\r
#end						