#quazimorphosis																								\r
Id	BramfaturaId	AllyFactionIds	StoryConditions	StageLocTag	MaxLevel	EcolapseChanceAfterDeath	EcolapseChance	MutateChance	BaronPhase	BaronCreatureId	BaronSkullsDrop	BaronMessageTag	BaronFriendlyMessageTag	Somnia	QmorphLevelGrow	EndlessHunt	HuntMemoryMult	CanMeleeAttackDoor	HealthMult	DamageMult	ReplicChanceMult	AllResistBonus	EcolapseCreatureDrop	ForceEcolapseAll\r
mercury_stage0_somnia	Mercury			stage0_somnia	99	0	0	0	FALSE					TRUE	TRUE	FALSE	0.5	FALSE	0.8	1	1	0	mercury_slave 100	FALSE\r
mercury_stage1	Mercury			stage1	249	0.2	0	0	FALSE					FALSE	TRUE	FALSE	0.5	FALSE	1	1	1	0	mercury_head 50 mercury_slave 50	FALSE\r
mercury_stage2	Mercury			stage2	449	0.3	0	0	FALSE					FALSE	TRUE	FALSE	1	FALSE	1.2	1.2	1	5	mercury_knight 100	FALSE\r
mercury_stage3	Mercury			stage3	699	0.4	0.1	0.01	FALSE					FALSE	TRUE	FALSE	1.5	TRUE	1.4	1.4	1	10	mercury_knight 75 mercury_slave 25	FALSE\r
mercury_stage4	Mercury			stage4	800	0.6	0.3	0.03	FALSE					FALSE	TRUE	FALSE	2	TRUE	1.6	1.6	2	15	mercury_slave 15 mercury_head 25 mercury_knight 35	FALSE\r
mercury_stage5	Mercury			stage5	999	0.8	0.5	0.05	FALSE					FALSE	TRUE	TRUE	10	TRUE	2	2	3	20	mercury_slave 15 mercury_head 25 mercury_knight 35	FALSE\r
mercury_stage6_baron	Mercury			stage5	1000	0.8	0.5	0	TRUE	mercury_baron	skull_explosion 100 skull_ray 100 skull_contract_mercury 100	ui.dialog.mercury_baron_msg		FALSE	TRUE	TRUE	10	TRUE	2	2	3	20	mercury_head 35 mercury_knight 50	TRUE\r
venus_stage0_somnia	Venus	Tezctlan XiomaraMasks		stage0_somnia	99	0	0	0	FALSE					TRUE	TRUE	FALSE	0.5	FALSE	0.8	1	1	0	venus_slave 100	FALSE\r
venus_stage1	Venus	Tezctlan XiomaraMasks		stage1	249	0.2	0	0	FALSE					FALSE	TRUE	FALSE	0.5	FALSE	1	1	1	0	venus_slave 100	FALSE\r
venus_stage2	Venus	Tezctlan XiomaraMasks		stage2	449	0.3	0	0	FALSE					FALSE	TRUE	FALSE	1	FALSE	1.2	1.2	1	5	venus_acolyte 50 venus_slave 50	FALSE\r
venus_stage3	Venus	Tezctlan XiomaraMasks		stage3	699	0.4	0.1	0.01	FALSE					FALSE	TRUE	FALSE	1.5	TRUE	1.4	1.4	1	10	venus_taskmaster 75 venus_demon_cat 25	FALSE\r
venus_stage4	Venus	Tezctlan XiomaraMasks		stage4	800	0.6	0.3	0.03	FALSE					FALSE	TRUE	FALSE	2	TRUE	1.6	1.6	2	15	venus_taskmaster 35 venus_demon_cat 50	FALSE\r
venus_stage5	Venus	Tezctlan XiomaraMasks		stage5	999	0.8	0.5	0.05	FALSE					FALSE	TRUE	TRUE	10	TRUE	2	2	3	20	venus_custodian 15 venus_demon_warrior 25 venus_demon_cat 35	FALSE\r
venus_stage6_baron	Venus	Tezctlan XiomaraMasks		stage5	1000	0.8	0.5	0	TRUE	venus_baron	skull_bloodstrike 100 skull_bloodlust 100 skull_call_of_blood 100 skull_contract_venus 100	ui.dialog.venus_baron_msg	ui.dialog.venus_friendly_baron_msg	FALSE	TRUE	TRUE	10	TRUE	2	2	3	20	venus_custodian 15 venus_demon_warrior 25 venus_demon_cat 35	TRUE\r
moon_stage0_somnia	Moon			stage0_somnia	99	0	0	0	FALSE					TRUE	TRUE	FALSE	0.5	FALSE	0.8	1	1	0	moon_slave 100	FALSE\r
moon_stage1	Moon			stage1	249	0.2	0	0	FALSE					FALSE	TRUE	FALSE	0.5	FALSE	1	1	1	0	moon_slave 100	FALSE\r
moon_stage2	Moon			stage2	449	0.3	0	0	FALSE					FALSE	TRUE	FALSE	1	FALSE	1.2	1.2	1	5	moon_servitor 50 moon_slave 50	FALSE\r
moon_stage3	Moon			stage3	699	0.4	0.1	0.01	FALSE					FALSE	TRUE	FALSE	1.5	TRUE	1.4	1.4	1	10	moon_servitor 50 moon_cage 25 moon_knight 25	FALSE\r
moon_stage4	Moon			stage4	800	0.6	0.3	0.03	FALSE					FALSE	TRUE	FALSE	2	TRUE	1.6	1.6	2	15	moon_servitor 15 moon_cage 25 moon_knight 35	FALSE\r
moon_stage5	Moon			stage5	999	0.8	0.5	0.05	FALSE					FALSE	TRUE	TRUE	10	TRUE	2	2	3	20	moon_servitor 15 moon_cage 25 moon_knight 35	FALSE\r
moon_stage6_baron	Moon			stage5	1000	0.8	0.5	0	TRUE	moon_baron	skull_transformation 100 skull_resurrection 100 skull_contract_luna 100	ui.dialog.moon_baron_msg		FALSE	TRUE	TRUE	10	TRUE	2	2	3	20	moon_cage 35 moon_knight 50	TRUE\r
mars_no_brams	Mars		MARS_SLEEP	stage_no_bramafatura	0	0	0	0	FALSE					FALSE	FALSE	FALSE	1	FALSE	1	1	1	0		FALSE\r
earth_no_brams	Earth			stage_no_bramafatura	0	0	0	0	FALSE					FALSE	FALSE	FALSE	1	FALSE	1	1	1	0		FALSE\r
defense_stage	Defense			stage_no_bramafatura	0	0	0	0	FALSE					FALSE	FALSE	TRUE	100	TRUE	1	1	1	1		FALSE\r
mars_stage0_somnia	Mars		MARS_ACTIVATED	stage0_somnia	99	0	0	0	FALSE					TRUE	TRUE	FALSE	0.5	FALSE	0.8	1	1	0	mars_crab 100	FALSE\r
mars_stage1	Mars		MARS_ACTIVATED	stage1	249	0.2	0	0	FALSE					FALSE	TRUE	FALSE	0.5	FALSE	1	1	1	0	mars_crab 100	FALSE\r
mars_stage2	Mars		MARS_ACTIVATED	stage2	449	0.3	0	0	FALSE					FALSE	TRUE	FALSE	1	FALSE	1.2	1.2	1	5	mars_support 50 mars_crab 50	FALSE\r
mars_stage3	Mars		MARS_ACTIVATED	stage3	699	0.4	0.1	0.01	FALSE					FALSE	TRUE	FALSE	1.5	TRUE	1.4	1.4	1	10	mars_support 50 mars_battle 25	FALSE\r
mars_stage4	Mars		MARS_ACTIVATED	stage4	800	0.6	0.3	0.03	FALSE					FALSE	TRUE	FALSE	2	TRUE	1.6	1.6	2	15	mars_support 15 mars_battle 35	FALSE\r
mars_stage5	Mars		MARS_ACTIVATED	stage5	999	0.8	0.5	0.05	FALSE					FALSE	TRUE	TRUE	10	TRUE	2	2	3	20	mars_support 15 mars_battle 35	FALSE\r
mars_stage6_baron	Mars		MARS_ACTIVATED	stage5	1000	0.8	0.5	0	TRUE	mars_baron		ui.dialog.mars_baron_msg		FALSE	TRUE	TRUE	10	TRUE	2	2	3	20	mars_battle 50	TRUE\r
#end																								\r
																								\r
#statuseffects																								\r
Id	ProgressionType	RenewalType	Stage1WoundEffects	Stage2WoundEffects	Stage3WoundEffects	Stage4WoundEffects	IncrementModifier	DecrementModifier	ResistModifier	HoldDurationMin	HoldDurationMax	VisualState	BadLuckStep	BadLuckCap										\r
infectionEffect	PeakHold	Refresh		satiety 0.5 consume_regen 0	satiety 0.5 consume_regen 0	satiety 0.5 consume_regen 0 dot_dmg 1	1	1	1	5	30	None	0	1										\r
poisonEffect	PeakHold	Refresh	food_calories 0.15	food_calories 0.20 satiety 0.5	food_calories 0.30 satiety 0.5 dot_dmg 1	food_calories 0.30 satiety 0.5 dot_dmg 1 vomiting 0.05	1	1	1	5	30	Poisoned	0	1										\r
morphineAddiction	Increment	Reset	accuracy_reduce -0.1	accuracy_reduce -0.1 food_calories 0.50	accuracy_reduce -0.15 food_calories 0.75 los_reduce 1	accuracy_reduce -0.15 food_calories 1.00 los_reduce 2 no_stealth 1	1	1	1	0	0	None	0.15	0.85										\r
alcoholAddiction	Increment	Reset	accuracy_reduce -0.1	accuracy_reduce -0.1 dodge_reduce -0.15	accuracy_reduce -0.15 dodge_reduce -0.20 dot_dmg 1	accuracy_reduce -0.15 dodge_reduce -0.20 vomiting 0.05 qmorph_summon 0.01	1	1	1	0	0	None	0.05	0.85										\r
nicotineAddiction	Increment	Reset	max_health -5	max_health -5 pain_threshold_regen -1	max_health -5 pain_threshold_regen -1 accuracy_reduce -0.05	max_health -10 pain_threshold_regen -1 accuracy_reduce -0.1 run_unavailable 0	1	1	1	0	0	None	0.05	0.85										\r
gavaahAddiction	Increment	Reset	qmorph_summon 0.01	qmorph_summon 0.01 qmorph 4	qmorph_summon 0.01 qmorph 6 vomiting 0.05	qmorph 8 vomiting 0.05 qmorph_summon 0.02	1	1	1	0	0	None	0.05	0.85										\r
coldEffect	Decrement	Damage		income_dmg 0.1	income_dmg 0.2 run_unavailable 0	income_dmg 0.4 run_unavailable 0 frozen_stun 1	1	1	5	0	0	None	0	1										\r
beamEffect	None	Damage	max_health -5	max_health -5 pain_threshold_regen -1	max_health -10 pain_threshold_regen -1 dot_dmg 1	max_health -10 pain_threshold_regen -1 dot_dmg 1 vomiting 0.05	1	4	5	0	0	None	0	1										\r
shockEffect	Decrement	Damage		accuracy_reduce -0.05 dodge_reduce -0.1	accuracy_reduce -0.05 dodge_reduce -0.2	shock_stun 1	1	1	5	0	0	None	0	1										\r
#end																								\r
																								\r
#damagetypes																								\r
Id	ResistTypes	StatusEffect	IsPhysical	ChanceToApply	StatusDamageModifier	StatusResistModifier																		\r
blunt	blunt	none	true	0	0	0																		\r
pierce	pierce	none	true	0	0	0																		\r
lacer	lacer	none	true	0	0	0																		\r
fire	fire	none	false	0	0	0																		\r
beam	beam	beamEffect	false	1	2	1																		\r
shock	shock	shockEffect	false	1	4	0																		\r
poison	poison	none	false	0	0	0																		\r
cold	cold	coldEffect	false	1	2	0																		\r
explosion	blunt pierce	none	true	0	1	1																		\r
plasma	fire lacer	none	false	0	1	1																		\r
#end																								\r
																								\r
#woundtypes																								\r
Id	DamageType	OnWoundEffectId	StatusEffectApplyChance	FixableEffects	CoreEffects																			\r
head_fracture	blunt		0	dot_dmg 4	vomiting 0.05 accuracy_reduce -0.2 los_reduce 1																			\r
head_puncture	pierce	infectionEffect	0.15	apoint_dmg 2	accuracy_reduce -0.3 los_reduce 1																			\r
head_laceration	lacer	infectionEffect	0.15	apoint_dmg 1	accuracy_reduce -0.1 los_reduce 1																			\r
head_burn	fire	infectionEffect	0.15	pain_threshold_regen -2	income_dmg 0.2 los_reduce 1																			\r
head_irradiation	beam		0	dot_dmg 2	vomiting 0.05 income_pain 0.5 los_reduce 2																			\r
head_electrocution	shock		0	pain_threshold_regen -2	income_dmg 0.2 accuracy_reduce -0.3																			\r
head_chemburn	poison	poisonEffect	0.25	apoint_dmg 1	income_pain 0.5 los_reduce 1																			\r
head_freeze	cold		0	apoint_dmg 1	income_critchance 0.35 los_reduce 1																			\r
head_shrapnel	explosion	infectionEffect	0.15	dot_dmg 4	accuracy_reduce -0.2 los_reduce 1																			\r
head_hardburn	plasma	infectionEffect	0.15	pain_threshold_regen -2	income_dmg 0.3 los_reduce 1																			\r
head_fracture_amputation	blunt		0		death 0																			\r
head_puncture_amputation	pierce		0		death 0																			\r
head_laceration_amputation	lacer		0		death 0																			\r
head_burn_amputation	fire		0		death 0																			\r
head_irradiation_amputation	beam		0		death 0																			\r
head_electrocution_amputation	shock		0		death 0																			\r
head_chemburn_amputation	poison		0		death 0																			\r
head_freeze_amputation	cold		0		death 0																			\r
head_shrapnel_amputation	explosion		0		death 0																			\r
head_hardburn_amputation	plasma		0		death 0																			\r
shoulder_fracture	blunt		0	action_dmg 1	accuracy_reduce -0.15 melee_dmg_reduce -0.2																			\r
shoulder_puncture	pierce	infectionEffect	1	apoint_dmg 2	accuracy_reduce -0.05 melee_dmg_reduce -0.2																			\r
shoulder_laceration	lacer	infectionEffect	1	apoint_dmg 1	accuracy_reduce -0.05 melee_dmg_reduce -0.2																			\r
shoulder_burn	fire	infectionEffect	1	action_dmg 1	income_dmg 0.2 melee_dmg_reduce -0.2																			\r
shoulder_irradiation	beam		0	pain_threshold_regen -1	income_pain 0.5 melee_dmg_reduce -0.2																			\r
shoulder_electrocution	shock		0	pain_threshold_regen -1	accuracy_reduce -0.2 melee_dmg_reduce -0.2																			\r
shoulder_chemburn	poison	poisonEffect	0.25	action_dmg 1	income_pain 0.5 melee_dmg_reduce -0.2																			\r
shoulder_freeze	cold		0	action_dmg 1	income_critchance 0.3 melee_dmg_reduce -0.4																			\r
shoulder_shrapnel	explosion	infectionEffect	1	action_dmg 1	accuracy_reduce -0.2 melee_dmg_reduce -0.2																			\r
shoulder_hardburn	plasma	infectionEffect	0.15	pain_threshold_regen -2	income_dmg 0.3 melee_dmg_reduce -0.2																			\r
shoulder_fracture_amputation	blunt		0	action_dmg 2	arm_slot_unavailable 0 accuracy_reduce -0.3 melee_dmg_reduce -0.5																			\r
shoulder_puncture_amputation	pierce		0	apoint_dmg 2	arm_slot_unavailable 0 accuracy_reduce -0.3 melee_dmg_reduce -0.5																			\r
shoulder_laceration_amputation	lacer		0	apoint_dmg 2	arm_slot_unavailable 0 accuracy_reduce -0.3 melee_dmg_reduce -0.5																			\r
shoulder_burn_amputation	fire		0	action_dmg 2	arm_slot_unavailable 0 income_dmg 0.3 melee_dmg_reduce -0.5																			\r
shoulder_irradiation_amputation	beam		0	action_dmg 2	arm_slot_unavailable 0 income_pain 0.7 melee_dmg_reduce -0.5																			\r
shoulder_electrocution_amputation	shock		0	action_dmg 2	arm_slot_unavailable 0 income_dmg 0.3 melee_dmg_reduce -0.5																			\r
shoulder_chemburn_amputation	poison		0	action_dmg 2	arm_slot_unavailable 0 income_dmg 0.3 melee_dmg_reduce -0.5																			\r
shoulder_freeze_amputation	cold		0	action_dmg 2	arm_slot_unavailable 0 accuracy_reduce -0.3 melee_dmg_reduce -0.5																			\r
shoulder_shrapnel_amputation	explosion		0	action_dmg 2	arm_slot_unavailable 0 accuracy_reduce -0.3 melee_dmg_reduce -0.5																			\r
shoulder_hardburn_amputation	plasma		0	action_dmg 2	arm_slot_unavailable 0 pain_threshold_regen -2 income_dmg 0.3 melee_dmg_reduce -0.5																			\r
arm_fracture	blunt		0	action_dmg 2	accuracy_reduce -0.15 melee_dmg_reduce -0.2																			\r
arm_puncture	pierce	infectionEffect	1	apoint_dmg 2	accuracy_reduce -0.05 melee_dmg_reduce -0.2																			\r
arm_laceration	lacer	infectionEffect	1	apoint_dmg 1	accuracy_reduce -0.05 melee_dmg_reduce -0.2																			\r
arm_burn	fire	infectionEffect	1	action_dmg 1	income_dmg 0.2 melee_dmg_reduce -0.2																			\r
arm_irradiation	beam		0	pain_threshold_regen -1	income_pain 0.5 melee_dmg_reduce -0.2																			\r
arm_electrocution	shock		0	pain_threshold_regen -1	accuracy_reduce -0.2 melee_dmg_reduce -0.2																			\r
arm_chemburn	poison	poisonEffect	0.25	action_dmg 1	income_pain 0.5 melee_dmg_reduce -0.2																			\r
arm_freeze	cold		0	action_dmg 1	income_critchance 0.3 melee_dmg_reduce -0.4																			\r
arm_shrapnel	explosion	infectionEffect	1	action_dmg 1	accuracy_reduce -0.2 melee_dmg_reduce -0.2																			\r
arm_hardburn	plasma	infectionEffect	0.15	pain_threshold_regen -2	income_dmg 0.3 melee_dmg_reduce -0.2																			\r
arm_fracture_amputation	blunt		0	action_dmg 2	arm_slot_unavailable 0 accuracy_reduce -0.3 melee_dmg_reduce -0.5																			\r
arm_puncture_amputation	pierce		0	apoint_dmg 2	arm_slot_unavailable 0 accuracy_reduce -0.3 melee_dmg_reduce -0.5																			\r
arm_laceration_amputation	lacer		0	apoint_dmg 2	arm_slot_unavailable 0 accuracy_reduce -0.3 melee_dmg_reduce -0.5																			\r
arm_burn_amputation	fire		0	pain_threshold_regen -1	arm_slot_unavailable 0 income_dmg 0.3 melee_dmg_reduce -0.5																			\r
arm_irradiation_amputation	beam		0	action_dmg 2	arm_slot_unavailable 0 income_pain 0.7 melee_dmg_reduce -0.5																			\r
arm_electrocution_amputation	shock		0	action_dmg 2	arm_slot_unavailable 0 income_dmg 0.3 melee_dmg_reduce -0.5																			\r
arm_chemburn_amputation	poison		0	action_dmg 2	arm_slot_unavailable 0 income_dmg 0.3 melee_dmg_reduce -0.5																			\r
arm_freeze_amputation	cold		0	action_dmg 2	arm_slot_unavailable 0 accuracy_reduce -0.3 melee_dmg_reduce -0.5																			\r
arm_shrapnel_amputation	explosion		0	action_dmg 2	arm_slot_unavailable 0 accuracy_reduce -0.3 melee_dmg_reduce -0.5																			\r
arm_hardburn_amputation	plasma		0	pain_threshold_regen -2	arm_slot_unavailable 0 pain_threshold_regen -2 income_dmg 0.3 melee_dmg_reduce -0.5																			\r
thigh_fracture	blunt		0	move_dmg 2	run_unavailable 0 dodge_reduce -0.2																			\r
thigh_puncture	pierce	infectionEffect	1	apoint_dmg 2	run_unavailable 0																			\r
thigh_laceration	lacer	infectionEffect	1	apoint_dmg 1	run_unavailable 0																			\r
thigh_burn	fire	infectionEffect	1	move_dmg 1	income_dmg 0.2																			\r
thigh_irradiation	beam		0	pain_threshold_regen -1	income_pain 0.5																			\r
thigh_electrocution	shock		0	pain_threshold_regen -1	dodge_reduce -0.2																			\r
thigh_chemburn	poison	poisonEffect	0.25	move_dmg 1	income_dmg 0.2 income_pain 0.5																			\r
thigh_freeze	cold		0	move_dmg 1	income_critchance 0.2																			\r
thigh_shrapnel	explosion	infectionEffect	1	move_dmg 1	run_unavailable 0 dodge_reduce -0.2																			\r
thigh_hardburn	plasma	infectionEffect	0.15	move_dmg 2	income_dmg 0.3 pain_threshold_regen -2																			\r
thigh_fracture_amputation	blunt		0	move_dmg 2	run_unavailable 0 dodge_reduce -0.4																			\r
thigh_puncture_amputation	pierce		0	move_dmg 2	run_unavailable 0 dodge_reduce -0.4																			\r
thigh_laceration_amputation	lacer		0	move_dmg 2	run_unavailable 0 dodge_reduce -0.4																			\r
thigh_burn_amputation	fire		0	move_dmg 2	run_unavailable 0 dodge_reduce -0.4																			\r
thigh_irradiation_amputation	beam		0	move_dmg 2	run_unavailable 0 dodge_reduce -0.4																			\r
thigh_electrocution_amputation	shock		0	move_dmg 2	run_unavailable 0 dodge_reduce -0.4																			\r
thigh_chemburn_amputation	poison		0	move_dmg 2	run_unavailable 0 dodge_reduce -0.4																			\r
thigh_freeze_amputation	cold		0	move_dmg 2	run_unavailable 0 dodge_reduce -0.4																			\r
thigh_shrapnel_amputation	explosion		0	move_dmg 2	run_unavailable 0 dodge_reduce -0.4																			\r
thigh_hardburn_amputation	plasma		0	move_dmg 2	run_unavailable 0 dodge_reduce -0.4																			\r
feet_fracture	blunt		0	move_dmg 2	run_unavailable 0 dodge_reduce -0.2																			\r
feet_puncture	pierce	infectionEffect	1	apoint_dmg 2	run_unavailable 0																			\r
feet_laceration	lacer	infectionEffect	1	apoint_dmg 1	run_unavailable 0																			\r
feet_burn	fire	infectionEffect	0.15	move_dmg 1	income_dmg 0.2																			\r
feet_irradiation	beam		0	pain_threshold_regen -1	income_pain 0.5																			\r
feet_electrocution	shock		0	pain_threshold_regen -1	dodge_reduce -0.2																			\r
feet_chemburn	poison	poisonEffect	0.25	move_dmg 1	income_dmg 0.2 income_pain 0.5																			\r
feet_freeze	cold		0	move_dmg 1	income_critchance 0.2																			\r
feet_shrapnel	explosion	infectionEffect	0.15	move_dmg 1	run_unavailable 0 dodge_reduce -0.2																			\r
feet_hardburn	plasma	infectionEffect	0.15	move_dmg 2	income_dmg 0.3																			\r
feet_fracture_amputation	blunt		0	move_dmg 2	run_unavailable 0 dodge_reduce -0.4																			\r
feet_puncture_amputation	pierce		0	move_dmg 2	run_unavailable 0 dodge_reduce -0.4																			\r
feet_laceration_amputation	lacer		0	move_dmg 2	run_unavailable 0 dodge_reduce -0.4																			\r
feet_burn_amputation	fire		0	move_dmg 2	run_unavailable 0 dodge_reduce -0.4																			\r
feet_irradiation_amputation	beam		0	move_dmg 2	run_unavailable 0 dodge_reduce -0.4																			\r
feet_electrocution_amputation	shock		0	move_dmg 2	run_unavailable 0 dodge_reduce -0.4																			\r
feet_chemburn_amputation	poison		0	move_dmg 2	run_unavailable 0 dodge_reduce -0.4																			\r
feet_freeze_amputation	cold		0	move_dmg 2	run_unavailable 0 dodge_reduce -0.4																			\r
feet_shrapnel_amputation	explosion		0	move_dmg 2	run_unavailable 0 dodge_reduce -0.4																			\r
feet_hardburn_amputation	plasma		0	move_dmg 2	run_unavailable 0 dodge_reduce -0.4																			\r
chest_fracture	blunt		0	action_dmg 3	dodge_reduce -0.2 income_pain 0.5																			\r
chest_puncture	pierce	infectionEffect	0.15	apoint_dmg 3	dodge_reduce -0.2 income_pain 0.5																			\r
chest_laceration	lacer	infectionEffect	0.15	apoint_dmg 2	dodge_reduce -0.2 income_pain 0.5																			\r
chest_burn	fire	infectionEffect	0.15	pain_threshold_regen -2	income_dmg 0.2																			\r
chest_irradiation	beam		0	pain_threshold_regen -1	income_dmg 0.2																			\r
chest_electrocution	shock		0	pain_threshold_regen -2	accuracy_reduce -0.2																			\r
chest_chemburn	poison	poisonEffect	0.25	pain_threshold_regen -1	income_dmg 0.4																			\r
chest_freeze	cold		0	pain_threshold_regen -1	income_critchance 0.2																			\r
chest_shrapnel	explosion	infectionEffect	0.15	action_dmg 2	dodge_reduce -0.2 income_pain 0.5																			\r
chest_hardburn	plasma	infectionEffect	0.15	pain_threshold_regen -3	income_dmg 0.4																			\r
chest_fracture_amputation	blunt		0		death 0																			\r
chest_puncture_amputation	pierce		0		death 0																			\r
chest_laceration_amputation	lacer		0		death 0																			\r
chest_burn_amputation	fire		0		death 0																			\r
chest_irradiation_amputation	beam		0		death 0																			\r
chest_electrocution_amputation	shock		0		death 0																			\r
chest_chemburn_amputation	poison		0		death 0																			\r
chest_freeze_amputation	cold		0		death 0																			\r
chest_shrapnel_amputation	explosion		0		death 0																			\r
chest_hardburn_amputation	plasma		0		death 0																			\r
body_fracture	blunt		0	action_dmg 2	dodge_reduce -0.2 income_pain 0.5																			\r
body_puncture	pierce	infectionEffect	0.15	apoint_dmg 3	dodge_reduce -0.2 income_pain 0.5																			\r
body_laceration	lacer	infectionEffect	0.15	apoint_dmg 2	dodge_reduce -0.2 income_pain 0.5																			\r
body_burn	fire	infectionEffect	0.15	pain_threshold_regen -2	income_dmg 0.2																			\r
body_irradiation	beam		0	pain_threshold_regen -2	income_dmg 0.2																			\r
body_electrocution	shock		0	pain_threshold_regen -2	accuracy_reduce -0.2																			\r
body_chemburn	poison	poisonEffect	0.25	pain_threshold_regen -1	income_dmg 0.4																			\r
body_freeze	cold		0	pain_threshold_regen -1	income_critchance 0.2																			\r
body_shrapnel	explosion	infectionEffect	0.15	action_dmg 2	dodge_reduce -0.2 income_pain 0.5																			\r
body_hardburn	plasma	infectionEffect	0.15	pain_threshold_regen -3	income_dmg 0.4																			\r
body_fracture_amputation	blunt		0		death 0																			\r
body_puncture_amputation	pierce		0		death 0																			\r
body_laceration_amputation	lacer		0		death 0																			\r
body_burn_amputation	fire		0		death 0																			\r
body_irradiation_amputation	beam		0		death 0																			\r
body_electrocution_amputation	shock		0		death 0																			\r
body_chemburn_amputation	poison		0		death 0																			\r
body_freeze_amputation	cold		0		death 0																			\r
body_shrapnel_amputation	explosion		0		death 0																			\r
body_hardburn_amputation	plasma		0		death 0																			\r
stomach_fracture	blunt		0	apoint_dmg 2	vomiting 0.05 food_unavailable 0																			\r
stomach_puncture	pierce	infectionEffect	0.15	apoint_dmg 2	food_unavailable 0 vomiting 0.05																			\r
stomach_laceration	lacer	infectionEffect	0.15	apoint_dmg 2	food_calories 0.5																			\r
stomach_burn	fire	infectionEffect	0.15	pain_threshold_regen -2	income_dmg 0.2																			\r
stomach_irradiation	beam		0	apoint_dmg 2	food_calories 0.5 vomiting 0.05																			\r
stomach_electrocution	shock		0	pain_threshold_regen -2	food_calories 0.5																			\r
stomach_chemburn	poison	poisonEffect	0	pain_threshold_regen -1	income_dmg 0.4																			\r
stomach_freeze	cold		0	pain_threshold_regen -1	income_critchance 0.2																			\r
stomach_shrapnel	explosion	infectionEffect	0.15	apoint_dmg 2	food_unavailable 0 vomiting 0.05																			\r
stomach_hardburn	plasma	infectionEffect	0.15	pain_threshold_regen -3	income_dmg 0.3																			\r
stomach_fracture_amputation	blunt		0		death 0																			\r
stomach_puncture_amputation	pierce		0		death 0																			\r
stomach_laceration_amputation	lacer		0		death 0																			\r
stomach_burn_amputation	fire		0		death 0																			\r
stomach_irradiation_amputation	beam		0		death 0																			\r
stomach_electrocution_amputation	shock		0		death 0																			\r
stomach_chemburn_amputation	poison		0		death 0																			\r
stomach_freeze_amputation	cold		0		death 0																			\r
stomach_shrapnel_amputation	explosion		0		death 0																			\r
stomach_hardburn_amputation	plasma		0		death 0																			\r
knee_fracture	blunt		0	move_dmg 2	run_unavailable 0 dodge_reduce -0.2																			\r
knee_puncture	pierce	infectionEffect	0.15	apoint_dmg 2	run_unavailable 0																			\r
knee_laceration	lacer	infectionEffect	0.15	apoint_dmg 1	run_unavailable 0																			\r
knee_burn	fire	infectionEffect	0.15	move_dmg 1	income_dmg 0.2																			\r
knee_irradiation	beam		0		dodge_reduce -0.2																			\r
knee_electrocution	shock		0	pain_threshold_regen -1	income_critchance 0.2																			\r
knee_chemburn	poison	poisonEffect	0.25	move_dmg 1	run_unavailable 0 dodge_reduce -0.2																			\r
knee_freeze	cold		0	move_dmg 1	income_dmg 0.3																			\r
knee_shrapnel	explosion	infectionEffect	0.15	move_dmg 1	income_dmg 0.2 income_pain 0.5																			\r
knee_hardburn	plasma	infectionEffect	0.15	pain_threshold_regen -2	income_pain 0.5																			\r
knee_fracture_amputation	blunt		0	move_dmg 2	run_unavailable 0 dodge_reduce -0.4																			\r
knee_puncture_amputation	pierce		0	move_dmg 2	run_unavailable 0 dodge_reduce -0.4																			\r
knee_laceration_amputation	lacer		0	move_dmg 2	run_unavailable 0 dodge_reduce -0.4																			\r
knee_burn_amputation	fire		0	move_dmg 2	run_unavailable 0 dodge_reduce -0.4																			\r
knee_irradiation_amputation	beam		0	move_dmg 2	run_unavailable 0 dodge_reduce -0.4																			\r
knee_electrocution_amputation	shock		0	move_dmg 2	run_unavailable 0 dodge_reduce -0.4																			\r
knee_chemburn_amputation	poison		0	move_dmg 2	run_unavailable 0 dodge_reduce -0.4																			\r
knee_freeze_amputation	cold		0	move_dmg 2	run_unavailable 0 dodge_reduce -0.4																			\r
knee_shrapnel_amputation	explosion		0	move_dmg 2	run_unavailable 0 dodge_reduce -0.4																			\r
knee_hardburn_amputation	plasma		0	move_dmg 2	run_unavailable 0 dodge_reduce -0.4																			\r
minor_fracture	blunt		0		self_heal 0																			\r
minor_puncture	pierce		0		self_heal 0																			\r
minor_laceration	lacer		0		self_heal 0																			\r
minor_burn	fire		0		self_heal 0																			\r
minor_irradiation	beam		0		self_heal 0																			\r
minor_electrocution	shock		0		self_heal 0																			\r
minor_chemburn	poison	poisonEffect	0.25		self_heal 0																			\r
minor_freeze	cold		0		self_heal 0																			\r
minor_shrapnel	explosion		0		self_heal 0																			\r
minor_hardburn	plasma		0		self_heal 0																			\r
#end																								\r
																								\r
#woundslots																								\r
Id	IsVital	SlotWeight	WoundsByDmgType	AmputatedDrop	AdditionalAmputation	IsGroundAffected																		\r
HumanHead	TRUE	25	blunt head_fracture pierce head_puncture lacer head_laceration fire head_burn beam head_irradiation shock head_electrocution poison head_chemburn cold head_freeze explosion head_shrapnel plasma head_hardburn	meat1 0.1 human_skin 0.1 human_skull 0.1 human_ear 0.1 human_aye 0.1		FALSE																		\r
HumanShoulder	FALSE	55	blunt shoulder_fracture pierce shoulder_puncture lacer shoulder_laceration fire shoulder_burn beam shoulder_irradiation shock shoulder_electrocution poison shoulder_chemburn cold shoulder_freeze explosion shoulder_shrapnel plasma shoulder_hardburn	meat1 0.1 human_skin 0.1 corp_hand 0.1 corp_bone 0.1	HumanArm	FALSE																		\r
HumanArm	FALSE	50	blunt arm_fracture pierce arm_puncture lacer arm_laceration fire arm_burn beam arm_irradiation shock arm_electrocution poison arm_chemburn cold arm_freeze explosion arm_shrapnel plasma arm_hardburn	meat1 0.1 human_wrist 0.1 human_skin 0.1 corp_bone 0.1		FALSE																		\r
HumanThigh	FALSE	55	blunt thigh_fracture pierce thigh_puncture lacer thigh_laceration fire thigh_burn beam thigh_irradiation shock thigh_electrocution poison thigh_chemburn cold thigh_freeze explosion thigh_shrapnel plasma thigh_hardburn	meat1 0.1 human_skin 0.1 corp_leg 0.1 corp_bone 0.1	HumanFeet	FALSE																		\r
HumanFeet	FALSE	50	blunt feet_fracture pierce feet_puncture lacer feet_laceration fire feet_burn beam feet_irradiation shock feet_electrocution poison feet_chemburn cold feet_freeze explosion feet_shrapnel plasma feet_hardburn	meat1 0.1 human_feet 0.1 human_skin 0.1 corp_bone 0.1		TRUE																		\r
HumanChest	TRUE	35	blunt chest_fracture pierce chest_puncture lacer chest_laceration fire chest_burn beam chest_irradiation shock chest_electrocution poison chest_chemburn cold chest_freeze explosion chest_shrapnel plasma chest_hardburn	meat1 0.1 human_skin 0.1 human_rib 0.1 corp_bone 0.1		FALSE																		\r
HumanBody	TRUE	45	blunt body_fracture pierce body_puncture lacer body_laceration fire body_burn beam body_irradiation shock body_electrocution poison body_chemburn cold body_freeze explosion body_shrapnel plasma body_hardburn	meat1 0.1 trowable_heart 0.1 human_skin 0.1 human_rib 0.1 corp_bone 0.1		FALSE																		\r
HumanStomach	TRUE	45	blunt stomach_fracture pierce stomach_puncture lacer stomach_laceration fire stomach_burn beam stomach_irradiation shock stomach_electrocution poison stomach_chemburn cold stomach_freeze explosion stomach_shrapnel plasma stomach_hardburn	meat1 0.1 human_skin 0.1 human_poop 0.1 corp_bone 0.1		FALSE																		\r
HumanKnee	FALSE	50	blunt knee_fracture pierce knee_puncture lacer knee_laceration fire knee_burn beam knee_irradiation shock knee_electrocution poison knee_chemburn cold knee_freeze explosion knee_shrapnel plasma knee_hardburn	meat1 0.1 human_skin 0.1 corp_bone 0.1		FALSE																		\r
SkinlessHead	TRUE	25	blunt head_fracture pierce head_puncture lacer head_laceration fire head_burn beam head_irradiation shock head_electrocution poison head_chemburn cold head_freeze explosion head_shrapnel plasma head_hardburn	meat1 0.1 human_skull 0.1 human_ear 0.1 human_aye 0.1		FALSE																		\r
SkinlessShoulder	FALSE	55	blunt shoulder_fracture pierce shoulder_puncture lacer shoulder_laceration fire shoulder_burn beam shoulder_irradiation shock shoulder_electrocution poison shoulder_chemburn cold shoulder_freeze explosion shoulder_shrapnel plasma shoulder_hardburn	meat1 0.1 corp_hand 0.1 corp_bone 0.1	SkinlessArm	FALSE																		\r
SkinlessArm	FALSE	50	blunt arm_fracture pierce arm_puncture lacer arm_laceration fire arm_burn beam arm_irradiation shock arm_electrocution poison arm_chemburn cold arm_freeze explosion arm_shrapnel plasma arm_hardburn	meat1 0.1 human_wrist 0.1 corp_bone 0.1		FALSE																		\r
SkinlessThigh	FALSE	55	blunt thigh_fracture pierce thigh_puncture lacer thigh_laceration fire thigh_burn beam thigh_irradiation shock thigh_electrocution poison thigh_chemburn cold thigh_freeze explosion thigh_shrapnel plasma thigh_hardburn	meat1 0.1 corp_leg 0.1 corp_bone 0.1	SkinlessFeet	FALSE																		\r
SkinlessFeet	FALSE	50	blunt feet_fracture pierce feet_puncture lacer feet_laceration fire feet_burn beam feet_irradiation shock feet_electrocution poison feet_chemburn cold feet_freeze explosion feet_shrapnel plasma feet_hardburn	meat1 0.1 human_feet 0.1 corp_bone 0.1		FALSE																		\r
SkinlessChest	TRUE	35	blunt chest_fracture pierce chest_puncture lacer chest_laceration fire chest_burn beam chest_irradiation shock chest_electrocution poison chest_chemburn cold chest_freeze explosion chest_shrapnel plasma chest_hardburn	meat1 0.1 human_rib 0.1 corp_bone 0.1		FALSE																		\r
SkinlessBody	TRUE	45	blunt body_fracture pierce body_puncture lacer body_laceration fire body_burn beam body_irradiation shock body_electrocution poison body_chemburn cold body_freeze explosion body_shrapnel plasma body_hardburn	meat1 0.1 trowable_heart 0.1 human_rib 0.1 corp_bone 0.1		FALSE																		\r
SkinlessStomach	TRUE	45	blunt stomach_fracture pierce stomach_puncture lacer stomach_laceration fire stomach_burn beam stomach_irradiation shock stomach_electrocution poison stomach_chemburn cold stomach_freeze explosion stomach_shrapnel plasma stomach_hardburn	meat1 0.1 human_poop 0.1 corp_bone 0.1		FALSE																		\r
SkinlessKnee	FALSE	50	blunt knee_fracture pierce knee_puncture lacer knee_laceration fire knee_burn beam knee_irradiation shock knee_electrocution poison knee_chemburn cold knee_freeze explosion knee_shrapnel plasma knee_hardburn	meat1 0.1 corp_bone 0.1		FALSE																		\r
SpiderHead	TRUE	50	blunt head_fracture pierce head_puncture lacer head_laceration fire head_burn beam head_irradiation shock head_electrocution poison head_chemburn cold head_freeze explosion head_shrapnel plasma head_hardburn	spider_meat 0.1 spider_chitin 0.1 spider_aye 0.1 spider_brain 0.1 spider_poisongland 0.2		FALSE																		\r
SpiderBody	TRUE	45	blunt body_fracture pierce body_puncture lacer body_laceration fire body_burn beam body_irradiation shock body_electrocution poison body_chemburn cold body_freeze explosion body_shrapnel plasma body_hardburn	spider_meat 0.1 spider_chitin 0.1 spider_poisongland 0.1		FALSE																		\r
SpiderFeet	FALSE	55	blunt feet_fracture pierce feet_puncture lacer feet_laceration fire feet_burn beam feet_irradiation shock feet_electrocution poison feet_chemburn cold feet_freeze explosion feet_shrapnel plasma feet_hardburn	spider_meat 0.1 spider_chitin 0.1 spider_joint 0.1 spider_claw 0.1		FALSE																		\r
SpiderKnee	FALSE	55	blunt knee_fracture pierce knee_puncture lacer knee_laceration fire knee_burn beam knee_irradiation shock knee_electrocution poison knee_chemburn cold knee_freeze explosion knee_shrapnel plasma knee_hardburn	spider_meat 0.1 spider_chitin 0.1 spider_joint 0.1		FALSE																		\r
SpiderStomach	TRUE	30	blunt stomach_fracture pierce stomach_puncture lacer stomach_laceration fire stomach_burn beam stomach_irradiation shock stomach_electrocution poison stomach_chemburn cold stomach_freeze explosion stomach_shrapnel plasma stomach_hardburn	spider_meat 0.1 spider_cocoon 0.1 spider_poisongland 0.1		FALSE																		\r
SpiderThigh	FALSE	55	blunt thigh_fracture pierce thigh_puncture lacer thigh_laceration fire thigh_burn beam thigh_irradiation shock thigh_electrocution poison thigh_chemburn cold thigh_freeze explosion thigh_shrapnel plasma thigh_hardburn	spider_meat 0.1 spider_chitin 0.1 spider_joint 0.1 spider_claw 0.1	SpiderFeet	FALSE																		\r
MoonHead	TRUE	25	blunt head_fracture pierce head_puncture lacer head_laceration fire head_burn beam head_irradiation shock head_electrocution poison head_chemburn cold head_freeze explosion head_shrapnel plasma head_hardburn	quasi_bolts_ammo 0.1 demonic_idol 0.1 demonic_shards 0.1 demonic_aye 0.1 moon_guts 0.1 moon_bones 0.1 demonic_medicine 0.1		FALSE																		\r
MoonUpperMechanism	FALSE	45	blunt shoulder_fracture pierce shoulder_puncture lacer shoulder_laceration fire shoulder_burn beam shoulder_irradiation shock shoulder_electrocution poison shoulder_chemburn cold shoulder_freeze explosion shoulder_shrapnel plasma shoulder_hardburn	quasi_bolts_ammo 0.1 demonic_shards 0.1 broken_weapon 0.1 demonic_medicine 0.1		FALSE																		\r
MoonStomach	TRUE	50	blunt stomach_fracture pierce stomach_puncture lacer stomach_laceration fire stomach_burn beam stomach_irradiation shock stomach_electrocution poison stomach_chemburn cold stomach_freeze explosion stomach_shrapnel plasma stomach_hardburn	quasi_bolts_ammo 0.1 demonic_idol 0.1 furuncle 0.1 demonic_shards 0.1 demonic_medicine 0.1 moon_guts 0.1		FALSE																		\r
MoonCarapace	FALSE	55	blunt chest_fracture pierce chest_puncture lacer chest_laceration fire chest_burn beam chest_irradiation shock chest_electrocution poison chest_chemburn cold chest_freeze explosion chest_shrapnel plasma chest_hardburn	quasi_bolts_ammo 0.1 demonic_idol 0.1 furuncle 0.1 demonic_shards 0.1 demonic_medicine 0.1 moon_guts 0.1		FALSE																		\r
MoonLowerMechanism	FALSE	45	blunt knee_fracture pierce knee_puncture lacer knee_laceration fire knee_burn beam knee_irradiation shock knee_electrocution poison knee_chemburn cold knee_freeze explosion knee_shrapnel plasma knee_hardburn	quasi_bolts_ammo 0.1 demonic_idol 0.1 furuncle 0.1 demonic_shards 0.1 demonic_medicine 0.1 moon_guts 0.1		FALSE																		\r
MoonBasement	FALSE	25	blunt feet_fracture pierce feet_puncture lacer feet_laceration fire feet_burn beam feet_irradiation shock feet_electrocution poison feet_chemburn cold feet_freeze explosion feet_shrapnel plasma feet_hardburn	quasi_bolts_ammo 0.1 demonic_idol 0.1 furuncle 0.1 demonic_shards 0.1 demonic_medicine 0.1 moon_guts 0.1		FALSE																		\r
MoonShoulder	FALSE	50	blunt shoulder_fracture pierce shoulder_puncture lacer shoulder_laceration fire shoulder_burn beam shoulder_irradiation shock shoulder_electrocution poison shoulder_chemburn cold shoulder_freeze explosion shoulder_shrapnel plasma shoulder_hardburn	quasi_bolts_ammo 0.1 demonic_idol 0.1 furuncle 0.1 demonic_shards 0.1 demonic_medicine 0.1 moon_guts 0.1	MoonArm MoonThorn	FALSE																		\r
MoonThorn	FALSE	45	blunt arm_fracture pierce arm_puncture lacer arm_laceration fire arm_burn beam arm_irradiation shock arm_electrocution poison arm_chemburn cold arm_freeze explosion arm_shrapnel plasma arm_hardburn	quasi_bolts_ammo 0.1 demonic_idol 0.1 furuncle 0.1 demonic_shards 0.1 demonic_medicine 0.1 moon_guts 0.1		FALSE																		\r
MoonThigh	FALSE	55	blunt thigh_fracture pierce thigh_puncture lacer thigh_laceration fire thigh_burn beam thigh_irradiation shock thigh_electrocution poison thigh_chemburn cold thigh_freeze explosion thigh_shrapnel plasma thigh_hardburn	quasi_bolts_ammo 0.1 demonic_idol 0.1 furuncle 0.1 demonic_shards 0.1 demonic_medicine 0.1 moon_guts 0.1	MoonFeet	FALSE																		\r
MoonWheel	FALSE	55	blunt feet_fracture pierce feet_puncture lacer feet_laceration fire feet_burn beam feet_irradiation shock feet_electrocution poison feet_chemburn cold feet_freeze explosion feet_shrapnel plasma feet_hardburn	quasi_bolts_ammo 0.1 demonic_idol 0.1 furuncle 0.1 demonic_shards 0.1 demonic_medicine 0.1 moon_guts 0.1		FALSE																		\r
MoonChest	TRUE	50	blunt chest_fracture pierce chest_puncture lacer chest_laceration fire chest_burn beam chest_irradiation shock chest_electrocution poison chest_chemburn cold chest_freeze explosion chest_shrapnel plasma chest_hardburn	quasi_bolts_ammo 0.1 demonic_idol 0.1 furuncle 0.1 demonic_shards 0.1 demonic_medicine 0.1 moon_guts 0.1		FALSE																		\r
MoonBody	TRUE	50	blunt body_fracture pierce body_puncture lacer body_laceration fire body_burn beam body_irradiation shock body_electrocution poison body_chemburn cold body_freeze explosion body_shrapnel plasma body_hardburn	quasi_bolts_ammo 0.1 demonic_idol 0.1 furuncle 0.1 demonic_shards 0.1 demonic_medicine 0.1 moon_guts 0.1		FALSE																		\r
MoonKnee	FALSE	45	blunt knee_fracture pierce knee_puncture lacer knee_laceration fire knee_burn beam knee_irradiation shock knee_electrocution poison knee_chemburn cold knee_freeze explosion knee_shrapnel plasma knee_hardburn	quasi_bolts_ammo 0.1 demonic_idol 0.1 furuncle 0.1 demonic_shards 0.1 demonic_medicine 0.1 moon_guts 0.1		FALSE																		\r
MoonFeet	FALSE	50	blunt feet_fracture pierce feet_puncture lacer feet_laceration fire feet_burn beam feet_irradiation shock feet_electrocution poison feet_chemburn cold feet_freeze explosion feet_shrapnel plasma feet_hardburn	quasi_bolts_ammo 0.1 demonic_idol 0.1 furuncle 0.1 demonic_shards 0.1 demonic_medicine 0.1 moon_guts 0.1		FALSE																		\r
MoonArm	FALSE	50	blunt arm_fracture pierce arm_puncture lacer arm_laceration fire arm_burn beam arm_irradiation shock arm_electrocution poison arm_chemburn cold arm_freeze explosion arm_shrapnel plasma arm_hardburn	quasi_bolts_ammo 0.1 demonic_idol 0.1 furuncle 0.1 demonic_shards 0.1 demonic_medicine 0.1 moon_guts 0.1		FALSE																		\r
CyborgHead	FALSE	35	blunt head_fracture pierce head_puncture lacer head_laceration fire head_burn beam head_irradiation shock head_electrocution poison head_chemburn cold head_freeze explosion head_shrapnel plasma head_hardburn	cyborg_head 0.1 circuit_board 0.1 broken_weapon 0.1 metal_tread 0.1 glass 0.1 weapon_shards 0.1		FALSE																		\r
CyborgShoulder	FALSE	55	blunt shoulder_fracture pierce shoulder_puncture lacer shoulder_laceration fire shoulder_burn beam shoulder_irradiation shock shoulder_electrocution poison shoulder_chemburn cold shoulder_freeze explosion shoulder_shrapnel plasma shoulder_hardburn	broken_weapon 0.1 metal_tread 0.1 weapon_shards 0.1	CyborgArm	FALSE																		\r
CyborgArm	FALSE	50	blunt arm_fracture pierce arm_puncture lacer arm_laceration fire arm_burn beam arm_irradiation shock arm_electrocution poison arm_chemburn cold arm_freeze explosion arm_shrapnel plasma arm_hardburn	broken_weapon 0.1 metal_tread 0.1 weapon_shards 0.1 metal_pipe 0.1		FALSE																		\r
CyborgThigh	FALSE	55	blunt thigh_fracture pierce thigh_puncture lacer thigh_laceration fire thigh_burn beam thigh_irradiation shock thigh_electrocution poison thigh_chemburn cold thigh_freeze explosion thigh_shrapnel plasma thigh_hardburn	broken_weapon 0.1 metal_tread 0.1 weapon_shards 0.1 metal_pipe 0.1	CyborgFeet	FALSE																		\r
CyborgFeet	FALSE	50	blunt feet_fracture pierce feet_puncture lacer feet_laceration fire feet_burn beam feet_irradiation shock feet_electrocution poison feet_chemburn cold feet_freeze explosion feet_shrapnel plasma feet_hardburn	broken_weapon 0.1 metal_tread 0.1 weapon_shards 0.1		FALSE																		\r
CyborgChest	TRUE	35	blunt chest_fracture pierce chest_puncture lacer chest_laceration fire chest_burn beam chest_irradiation shock chest_electrocution poison chest_chemburn cold chest_freeze explosion chest_shrapnel plasma chest_hardburn	circuit_board 0.1 broken_weapon 0.1 metal_tread 0.1 weapon_shards 0.1		FALSE																		\r
CyborgBody	TRUE	45	blunt body_fracture pierce body_puncture lacer body_laceration fire body_burn beam body_irradiation shock body_electrocution poison body_chemburn cold body_freeze explosion body_shrapnel plasma body_hardburn	circuit_board 0.1 broken_weapon 0.1 metal_tread 0.1 weapon_shards 0.1 metal_pipe 0.1		FALSE																		\r
CyborgKnee	FALSE	50	blunt knee_fracture pierce knee_puncture lacer knee_laceration fire knee_burn beam knee_irradiation shock knee_electrocution poison knee_chemburn cold knee_freeze explosion knee_shrapnel plasma knee_hardburn	broken_weapon 0.1 metal_tread 0.1 weapon_shards 0.1 metal_pipe 0.1		FALSE																		\r
MercuryHead	TRUE	35	blunt head_fracture pierce head_puncture lacer head_laceration fire head_burn beam head_irradiation shock head_electrocution poison head_chemburn cold head_freeze explosion head_shrapnel plasma head_hardburn	quasi_energy_ammo 0.1 demonic_idol 0.1 furuncle 0.1 demonic_aye 0.1 qwasi_grenade 0.1 demonic_medicine 0.1 anulator 0.1		FALSE																		\r
MercuryCentralAye	TRUE	35	blunt head_fracture pierce head_puncture lacer head_laceration fire head_burn beam head_irradiation shock head_electrocution poison head_chemburn cold head_freeze explosion head_shrapnel plasma head_hardburn	quasi_energy_ammo 0.1 demonic_aye 0.1 qwasi_grenade 0.1 demonic_medicine 0.1		FALSE																		\r
MercuryRightAye	FALSE	45	blunt head_fracture pierce head_puncture lacer head_laceration fire head_burn beam head_irradiation shock head_electrocution poison head_chemburn cold head_freeze explosion head_shrapnel plasma head_hardburn	quasi_energy_ammo 0.1 demonic_aye 0.1 qwasi_grenade 0.1 demonic_medicine 0.1		FALSE																		\r
MercuryLeftAye	FALSE	50	blunt head_fracture pierce head_puncture lacer head_laceration fire head_burn beam head_irradiation shock head_electrocution poison head_chemburn cold head_freeze explosion head_shrapnel plasma head_hardburn	quasi_energy_ammo 0.1 demonic_aye 0.1 qwasi_grenade 0.1 demonic_medicine 0.1		FALSE																		\r
MercuryBottomAye	FALSE	50	blunt head_fracture pierce head_puncture lacer head_laceration fire head_burn beam head_irradiation shock head_electrocution poison head_chemburn cold head_freeze explosion head_shrapnel plasma head_hardburn	quasi_energy_ammo 0.1 demonic_aye 0.1 qwasi_grenade 0.1 demonic_medicine 0.1		FALSE																		\r
MercuryShoulder	FALSE	35	blunt shoulder_fracture pierce shoulder_puncture lacer shoulder_laceration fire shoulder_burn beam shoulder_irradiation shock shoulder_electrocution poison shoulder_chemburn cold shoulder_freeze explosion shoulder_shrapnel plasma shoulder_hardburn	quasi_energy_ammo 0.1 demonic_aye 0.1 qwasi_grenade 0.1 demonic_medicine 0.1	MercuryArm	FALSE																		\r
MercuryArm	FALSE	55	blunt arm_fracture pierce arm_puncture lacer arm_laceration fire arm_burn beam arm_irradiation shock arm_electrocution poison arm_chemburn cold arm_freeze explosion arm_shrapnel plasma arm_hardburn	quasi_energy_ammo 0.1 demonic_aye 0.1 qwasi_grenade 0.1 demonic_medicine 0.1 mercury_smg 0.1		FALSE																		\r
MercuryThigh	FALSE	50	blunt thigh_fracture pierce thigh_puncture lacer thigh_laceration fire thigh_burn beam thigh_irradiation shock thigh_electrocution poison thigh_chemburn cold thigh_freeze explosion thigh_shrapnel plasma thigh_hardburn	quasi_energy_ammo 0.1 demonic_aye 0.1 qwasi_grenade 0.1 demonic_medicine 0.1	MercuryFeet	FALSE																		\r
MercuryFeet	FALSE	55	blunt feet_fracture pierce feet_puncture lacer feet_laceration fire feet_burn beam feet_irradiation shock feet_electrocution poison feet_chemburn cold feet_freeze explosion feet_shrapnel plasma feet_hardburn	quasi_energy_ammo 0.1 demonic_aye 0.1 qwasi_grenade 0.1 demonic_medicine 0.1		FALSE																		\r
MercuryChest	TRUE	50	blunt chest_fracture pierce chest_puncture lacer chest_laceration fire chest_burn beam chest_irradiation shock chest_electrocution poison chest_chemburn cold chest_freeze explosion chest_shrapnel plasma chest_hardburn	demonic_idol 0.1 furuncle 0.1 mercury_guts 0.1		FALSE																		\r
MercuryBody	TRUE	55	blunt body_fracture pierce body_puncture lacer body_laceration fire body_burn beam body_irradiation shock body_electrocution poison body_chemburn cold body_freeze explosion body_shrapnel plasma body_hardburn	demonic_idol 0.1 furuncle 0.1 mercury_guts 0.1		FALSE																		\r
MercuryStomach	TRUE	55	blunt stomach_fracture pierce stomach_puncture lacer stomach_laceration fire stomach_burn beam stomach_irradiation shock stomach_electrocution poison stomach_chemburn cold stomach_freeze explosion stomach_shrapnel plasma stomach_hardburn	demonic_idol 0.1 furuncle 0.1 mercury_guts 0.1		FALSE																		\r
MercuryKnee	FALSE	45	blunt knee_fracture pierce knee_puncture lacer knee_laceration fire knee_burn beam knee_irradiation shock knee_electrocution poison knee_chemburn cold knee_freeze explosion knee_shrapnel plasma knee_hardburn	demonic_idol 0.1 furuncle 0.1 mercury_guts 0.2		FALSE																		\r
MercuryScroll	FALSE	40	blunt head_fracture pierce head_puncture lacer head_laceration fire head_burn beam head_irradiation shock head_electrocution poison head_chemburn cold head_freeze explosion head_shrapnel plasma head_hardburn	anulator 1		FALSE																		\r
VenusHead	TRUE	35	blunt head_fracture pierce head_puncture lacer head_laceration fire head_burn beam head_irradiation shock head_electrocution poison head_chemburn cold head_freeze explosion head_shrapnel plasma head_hardburn			FALSE																		\r
VenusCatHead	TRUE	35	blunt head_fracture pierce head_puncture lacer head_laceration fire head_burn beam head_irradiation shock head_electrocution poison head_chemburn cold head_freeze explosion head_shrapnel plasma head_hardburn	furuncle 0.1 demonic_aye 0.1 aztec_guts 0.1		FALSE																		\r
VenusCatFeet	FALSE	55	blunt feet_fracture pierce feet_puncture lacer feet_laceration fire feet_burn beam feet_irradiation shock feet_electrocution poison feet_chemburn cold feet_freeze explosion feet_shrapnel plasma feet_hardburn			FALSE																		\r
VenusSpiderThigh	FALSE	50	blunt thigh_fracture pierce thigh_puncture lacer thigh_laceration fire thigh_burn beam thigh_irradiation shock thigh_electrocution poison thigh_chemburn cold thigh_freeze explosion thigh_shrapnel plasma thigh_hardburn		VenusSpiderFeet	FALSE																		\r
VenusSpiderFeet	FALSE	50	blunt feet_fracture pierce feet_puncture lacer feet_laceration fire feet_burn beam feet_irradiation shock feet_electrocution poison feet_chemburn cold feet_freeze explosion feet_shrapnel plasma feet_hardburn			FALSE																		\r
VenusSpiderKnee	FALSE	50	blunt knee_fracture pierce knee_puncture lacer knee_laceration fire knee_burn beam knee_irradiation shock knee_electrocution poison knee_chemburn cold knee_freeze explosion knee_shrapnel plasma knee_hardburn			FALSE																		\r
VenusCatSting	FALSE	55	blunt thigh_fracture pierce thigh_puncture lacer thigh_laceration fire thigh_burn beam thigh_irradiation shock thigh_electrocution poison thigh_chemburn cold thigh_freeze explosion thigh_shrapnel plasma thigh_hardburn	furuncle 0.1 aztec_guts 0.1		FALSE																		\r
VenusShoulder	FALSE	55	blunt shoulder_fracture pierce shoulder_puncture lacer shoulder_laceration fire shoulder_burn beam shoulder_irradiation shock shoulder_electrocution poison shoulder_chemburn cold shoulder_freeze explosion shoulder_shrapnel plasma shoulder_hardburn		VenusArm	FALSE																		\r
VenusArm	FALSE	50	blunt arm_fracture pierce arm_puncture lacer arm_laceration fire arm_burn beam arm_irradiation shock arm_electrocution poison arm_chemburn cold arm_freeze explosion arm_shrapnel plasma arm_hardburn			FALSE																		\r
VenusChest	TRUE	50	blunt chest_fracture pierce chest_puncture lacer chest_laceration fire chest_burn beam chest_irradiation shock chest_electrocution poison chest_chemburn cold chest_freeze explosion chest_shrapnel plasma chest_hardburn	demonic_idol 0.1 furuncle 0.1 aztec_guts 0.1		FALSE																		\r
VenusStomach	TRUE	50	blunt stomach_fracture pierce stomach_puncture lacer stomach_laceration fire stomach_burn beam stomach_irradiation shock stomach_electrocution poison stomach_chemburn cold stomach_freeze explosion stomach_shrapnel plasma stomach_hardburn	demonic_idol 0.1 furuncle 0.1 aztec_guts 0.1		FALSE																		\r
VenusBody	TRUE	50	blunt body_fracture pierce body_puncture lacer body_laceration fire body_burn beam body_irradiation shock body_electrocution poison body_chemburn cold body_freeze explosion body_shrapnel plasma body_hardburn	demonic_idol 0.1 furuncle 0.1 aztec_guts 0.1		FALSE																		\r
VenusThigh	FALSE	50	blunt thigh_fracture pierce thigh_puncture lacer thigh_laceration fire thigh_burn beam thigh_irradiation shock thigh_electrocution poison thigh_chemburn cold thigh_freeze explosion thigh_shrapnel plasma thigh_hardburn		VenusCatFeet	FALSE																		\r
VenusKnee	FALSE	45	blunt knee_fracture pierce knee_puncture lacer knee_laceration fire knee_burn beam knee_irradiation shock knee_electrocution poison knee_chemburn cold knee_freeze explosion knee_shrapnel plasma knee_hardburn			FALSE																		\r
#end																								