#rangeweapons																												
Id		Price	Weight	InventoryWidthSize	WeaponClass	WeaponSubClass	RequiredAmmo	OverrideAmmo	DefaultAmmoId	DefaultGrenadeId	Damage	Firemodes	Range	MagazineCapacity	MinRandomAmmoCount	ReloadDuration	SilencerShotChance	ReloadOneClip	MaxDurability	MinDurabilityAfterRepair	Unbreakable	RepairCategory	AllowedGrenadeIds	IsSelfCharge				
regular_launcher		2000	4	2	GrenadeLauncher	Launcher	Heavy		heavy_basic_ammo	frag_grenade	99 99 crit 1.00	basic_grenade_single	6	6	3	3	0	TRUE	60	0	FALSE	weapon	frag_grenade qwasi_grenade thermal_grenade stun_grenade nanorobot_grenade phase_bomb	FALSE				
#end																												
																												
#ammo																												
Id		Price	Weight	InventoryWidthSize	MaxStack	BallisticType	MinAmmoAmount	MaxAmmoAmount	AmmoType	DmgType	DmgCritChance	AccuracyMult	DamageMult	BulletCastsPerShot	TargetBurningChance	TileBurningChance	TileToxicLiquidChance	PierceCreaturesChance	ThrowBackChance	StunChance	StunDuration							
pistol_basic_ammo		10	0.01	1	600	Ballistic	10	20	Bullets	blunt	0.03	1	1	1	0	0	0	0	0.1	0	0							
pistol_burst_ammo		20	0.01	1	600	Ballistic	10	20	Bullets	explosion	0.06	1	1.2	1	0.2	0.1	0	0	0.2	0	0							
pistol_expansive_ammo		20	0.01	1	600	Ballistic	10	20	Bullets	lacer	0.16	1	1.4	1	0	0	0	0	0	0	0							
*miner_bolts_ammo		1	0.01	1	600	Ballistic	10	20	Bolts	pierce	0.24	1	1	1	0	0	0	0.8	0	0	0							
medium_basic_ammo		10	0.02	1	600	Ballistic	10	20	Medium	pierce	0.03	1	1	1	0	0	0	0.4	0	0	0							
medium_police_ammo		10	0.02	1	600	Ballistic	10	20	Medium	blunt	0.06	1	1.2	1	0	0	0	0	0.25	0	0							
shotgun_bullet_ammo		10	0.03	1	400	Ballistic	10	20	Shells	blunt	0.06	1	0.8	1	0	0	0	0.2	0.2	0	0							
shotgun_shrapnel_ammo		10	0.03	1	400	Ballistic	10	20	Shells	lacer	0.16	1	2	4	0	0	0	0	0.05	0	0							
shotgun_flechette_ammo		20	0.03	1	400	Ballistic	10	20	Shells	pierce	0.24	1	1.2	4	0	0	0	0.8	0	0	0							
shotgun_dragon_ammo		20	0.03	1	400	Ballistic	10	20	Shells	fire	0.16	1	1.2	4	0.2	0.8	0	0	0.2	0	0							
heavy_basic_ammo		10	0.02	1	800	Ballistic	10	20	Heavy	pierce	0.03	1	1	1	0	0	0	0.6	0	0	0							
heavy_armorpierce_ammo		20	0.02	1	800	Ballistic	10	20	Heavy	pierce	0.05	1	1.2	1	0	0	0	0.95	0	0	0							
battery_charge		30	0.02	1	600	Ballistic	10	20	BatteryCells	beam	0.06	1	1	1	0.2	0	0	0.7	0	0	0							
battery_crafted_charge		1	0.02	1	600	Ballistic	10	20	BatteryCells	beam	0.02	1	0.8	1	0.1	0	0	0.5	0	0	0							
*gas_ammo		1	0.02	1	800	Ballistic	10	20	Gas	fire	0	1	1	6	0.8	0.8	0	0	0	0	0							
sawblade_ammo		2	0.04	1	200	Richoshet	10	20	SawBlade	lacer	0.16	1	1	1	0	0	0	0.85	0	0	0							
quasi_basic_ammo		4	0.04	1	200	Ballistic	10	20	QuasiCells	poison	0.05	1	1	1	0	0	0	0.2	0	0	0							
quasi_bolts_ammo		4	0.04	1	600	Ballistic	10	20	Bolts	pierce	1	1	1	1	0	0	0	1	0	0	0							
quasi_energy_ammo		4	0.04	1	600	Ballistic	10	20	BatteryCells	plasma	0.3	1	1.4	1	1	0.4	0	0	0	0	0							
toxic_ammo		1	0.01	1	600	Ballistic	10	20	Toxic	poison	0.08	1	1	1	0	0	0.25	0	0	0	0							
implicted_em_ammo		100	1	1	0	Ballistic	0	0	Bolts	pierce	0.05	1	1	1	0	0	0	0.8	0	0	0							
implicted_combat_knife		100	1	1	400	Ballistic	0	0		pierce	0.12	1	1	1	0	0	0	0	0	0	0							
implicted_knife		100	1	1	400	Ballistic	0	0		pierce	0.05	1	1	1	0	0	0	0	0	0	0							
implicted_club		100	1	1	400	Ballistic	0	0		blunt	0.06	1	1	1	0	0	0	0	0.3	0	0							
implicted_shockclub		100	1	1	400	Ballistic	0	0		shock	0.1	1	1	1	0	0	0	0	0.3	0	0							
implicted_shockgun		100	1	1	600	Ballistic	0	0		shock	0	1	1	1	0	0	0	0	0	0	0							
implicted_coldgun		100	1	1	600	Ballistic	0	0	BatteryCells	cold	0.06	1	1	1	0	0	0	0	0	0	0							
implicted_heavy_axe		100	1	1	400	Ballistic	0	0		lacer	0.03	1	1	1	0	0	0	0	0.6	0	0							
implicted_katana		100	1	1	400	Ballistic	0	0		lacer	0.24	1	1	1	0	0	0	0	0	0	0							
implicted_body_part		100	1	1	400	Ballistic	0	0		blunt	0.03	1	1	1	0	0	0	0	0.2	0	0							
implicted_xiomara_range		100	1	1	400	Ballistic	0	0		poison	0	1	1	1	0	0	0	0	0	0	0							
implicted_flamethrower		100	1	1	0	Flame	0	0		fire	0	1	1	1	1	0.8	0	0	0	0	0							
implicted_sawblade		100	1	1	0	Ballistic	0	0		lacer	0.12	1	1	1	0	0	0	0	0	0	0							
implicted_energy_shrapnel		100	1	1	600	Ballistic	10	20		plasma	0.06	1	1	4	0.8	0	0	0.4	0	0	0							
implicted_plasma_shrapnel		100	1	1	600	Ballistic	10	20		plasma	0.06	1	1	4	0.8	0	0	0.4	0	0	0							
implicted_plasma_charge		100	1	1	400	Ballistic	10	20		plasma	0.06	1	1	1	0.2	0	0	0.7	0	0	0							
implicted_toxicthrower		100	1	1	0	ToxicFlame	0	0		poison	0	1	1	1	0	0	0.8	0	0	0	0							
implicted_quasi_beam		100	1	1	200	Ballistic	10	20	QuasiCells	beam	0.05	1	1	1	0	0	0	0.2	0	0	0							
#end																												
																												
#medkits																												
Id		Price	Weight	InventoryWidthSize	MaxStack	RestoreHealthAmount	InstantHeal	IncreaseMaxHealthLevel	HealDuration	RestoreStarvationValue	QmorphosValue	CanFixWound	FixWeights	FixAllWounds	FixedResolutionPeriod	PainDecreaseAmount	HealSpecificWound	HealAllWounds	ActivatesEatMedsTrigger	StatusEffectApplyChance	StatusEffectProgression	FixAllWoundsChance						
bandage		20	0.1	1	50	2	FALSE	0	10	0	0	TRUE	blunt 0 pierce 0.2 lacer 0.2 fire 0 beam 0 shock 0 poison 0 cold 0.2 explosion 0 plasma 0	FALSE	10	0	FALSE	FALSE	FALSE			0						
medpack		100	0.5	1	50	15	FALSE	0	4	0	0	FALSE		TRUE	4	5	FALSE	FALSE	FALSE		infectionEffect -20 poisonEffect -20	0.2						
morphine		200	0.05	1	50	0	TRUE	0	0	0	-100	FALSE		TRUE	10	5	FALSE	FALSE	TRUE	morphineAddiction 0.15		-0.45						
splint		20	0.1	1	50	2	FALSE	0	10	0	0	TRUE	blunt 0.2 pierce 0 lacer 0 fire 0 beam 0 shock 0.2 poison 0 cold 0 explosion 0.2 plasma 0	FALSE	10	0	FALSE	FALSE	FALSE			0						
antibiotics		100	0.01	1	100	0	TRUE	0	0	0	0	FALSE		FALSE	0	0	FALSE	FALSE	TRUE		infectionEffect -80 poisonEffect -40	0						
antiradin		100	0.05	1	50	0	TRUE	0	0	0	0	FALSE		FALSE	0	0	FALSE	FALSE	TRUE		beamEffect -80	0						
medicalClue		40	0.2	1	50	4	FALSE	0	6	0	0	TRUE	blunt 0 pierce 0.3 lacer 0.3 fire 0.3 beam 0 shock 0 poison 0 cold 0 explosion 0 plasma 0.3	FALSE	6	0	FALSE	FALSE	FALSE			0						
naloxone		100	0.05	1	50	0	TRUE	0	0	0	0	FALSE		FALSE	0	2	FALSE	FALSE	TRUE		morphineAddiction -80 alcoholAddiction -50 gavaahAddiction -20	0						
sorbent		20	0.04	1	100	0	TRUE	0	0	0	0	FALSE		FALSE	0	0	FALSE	FALSE	TRUE		alcoholAddiction -40 infectionEffect -40 poisonEffect -40	0						
surgicalKit		108	4	1	10	80	TRUE	0	1	0	0	FALSE		FALSE	1	20	TRUE	FALSE	FALSE			0						
stimpack_green		999	1	1	10	0	TRUE	0	0	0	0	FALSE		FALSE	0	0	FALSE	FALSE	FALSE			0						
stimpack_purple		999	1	1	10	0	TRUE	0	0	0	0	FALSE		FALSE	0	0	FALSE	FALSE	FALSE			0						
stimpack_red		999	1	1	10	0	TRUE	0	0	0	0	FALSE		FALSE	0	0	FALSE	FALSE	FALSE			0						
stimpack_yellow		999	1	1	10	0	TRUE	0	0	0	0	FALSE		FALSE	0	0	FALSE	FALSE	FALSE			0						
sigs_kosmos		40	0.1	1	50	0	TRUE	0	0	0	-100	FALSE		FALSE	0	0	FALSE	FALSE	FALSE	nicotineAddiction 0.15		0						
rags		10	0.2	1	200	0	FALSE	0	20	0	0	TRUE	blunt 0 pierce 0.1 lacer 0.1 fire 0 beam 0 shock 0 poison 0 cold 0.1 explosion 0 plasma 0	FALSE	20	0	FALSE	FALSE	FALSE	infectionEffect 0.15		0						
demonic_medicine		120	1	1	10	100	TRUE	0	0	1000	0	FALSE		FALSE	0	100	FALSE	TRUE	TRUE	gavaahAddiction 0.15		0						
demonic_idol		120	2	1	10	0	FALSE	0	0	0	-600	FALSE		FALSE	0	0	FALSE	FALSE	FALSE	gavaahAddiction 0.15		0						
antidote		100	0.05	1	50	0	FALSE	0	0	0	0	FALSE		FALSE	0	0	FALSE	FALSE	TRUE		poisonEffect -80 alcoholAddiction -40	0						
bloodBag		50	0.7	1	50	10	FALSE	0	10	0	50	FALSE		FALSE	10	0	FALSE	FALSE	FALSE			0						
painkillers		100	0.05	1	50	0	TRUE	0	0	0	0	FALSE		FALSE	0	20	FALSE	FALSE	TRUE		nicotineAddiction -50	0						
aztec_rags		60	1	1	50	4	FALSE	0	10	0	100	TRUE	blunt 0 pierce 0.4 lacer 0.4 fire 0 beam 0 shock 0 poison 0.4 cold 0.4 explosion 0 plasma 0	FALSE	10	0	FALSE	FALSE	FALSE	poisonEffect 0.1		0						
beer		40	0.5	1	50	0	FALSE	0	0	0	-25	FALSE		FALSE	0	1	FALSE	FALSE	FALSE	alcoholAddiction 0.1	coldEffect -10	0						
vodka		100	1	1	20	0	FALSE	0	0	0	-100	FALSE		FALSE	0	1	FALSE	FALSE	FALSE	alcoholAddiction 0.2	coldEffect -50 beamEffect -20	0						
wiskey		100	1	1	20	0	FALSE	0	0	0	-100	FALSE		FALSE	0	1	FALSE	FALSE	FALSE	alcoholAddiction 0.2	coldEffect -50 beamEffect -20	0						
armagnac		100	1	1	20	0	FALSE	0	0	0	-100	FALSE		FALSE	0	1	FALSE	FALSE	FALSE	alcoholAddiction 0.2	coldEffect -50 beamEffect -20	0						
meat1		1	1	1	50	0	FALSE	0	0	0	100	FALSE		FALSE	0	0	FALSE	FALSE	FALSE	infectionEffect 0.2		0						
spider_meat		1	1	1	50	0	FALSE	0	0	0	100	FALSE		FALSE	0	0	FALSE	FALSE	FALSE	poisonEffect 0.2		0						
furuncle		40	1	1	50	0	FALSE	5	0	0	100	FALSE		FALSE	0	0	FALSE	FALSE	FALSE	infectionEffect 0.2		0						
spider_soup		2	1	1	50	0	FALSE	0	0	0	0	FALSE		FALSE	0	0	FALSE	FALSE	FALSE			0						
slanina		1	1	1	50	0	FALSE	0	0	0	100	FALSE		FALSE	0	0	FALSE	FALSE	FALSE			0						
roastedMeat		1	1	1	50	0	FALSE	0	0	0	100	FALSE		FALSE	0	0	FALSE	FALSE	FALSE			0						
rottenMeat		1	1.2	1	50	0	FALSE	0	0	0	0	FALSE		FALSE	0	0	FALSE	FALSE	FALSE	infectionEffect 0.2		0						
nanoinjection		1200	0.2	1	50	10	FALSE	0	5	0	0	TRUE		TRUE	5	5	FALSE	FALSE	TRUE		infectionEffect -75 coldEffect -75 poisonEffect -75 shockEffect -75 beamEffect -75 morphineAddiction -75 alcoholAddiction -75 gavaahAddiction -75 nicotineAddiction -75	0.5						
plaster		40	0.5	1	50	4	FALSE	0	6	0	0	TRUE	blunt 0.3 pierce 0 lacer 0 fire 0 beam 0 shock 0.3 poison 0 cold 0 explosion 0.3 plasma 0	FALSE	6	0	FALSE	FALSE	FALSE			0						
military_kit		200	0.7	1	50	20	FALSE	0	4	0	0	FALSE		TRUE	4	10	FALSE	FALSE	FALSE		infectionEffect -30 poisonEffect -30	0.3						
#end																												
																												
#food																												
Id		Price	Weight	InventoryWidthSize	MaxStack	RestoreStarvationValue	RestoreHealthValue	GarbageItemId	ActivatesCanibalizm	DrunkEffectChance	RemovesFire																	
blueSoda		1	0.3	1	80	300	0	tin	FALSE	0	TRUE																	
cannedMeat		20	0.6	1	60	1200	0	tin	FALSE	0	FALSE																	
cannedVeg		20	0.4	1	60	600	0	tin	FALSE	0	FALSE																	
chocolateBar		1	0.08	1	120	150	0	plastic	FALSE	0	FALSE																	
*meat1		1	1	1	50	400	-10	human_rib	TRUE	0	FALSE																	
*rottenMeat		1	1.2	1	50	400	-25	human_rib	TRUE	0	FALSE																	
*roastedMeat		1	0.7	1	50	500	0	human_rib	TRUE	0	FALSE																	
mre_pack		200	0.6	1	40	2400	0	plastic	FALSE	0	FALSE																	
packedGoodRation		4	0.28	1	80	450	0	plastic	FALSE	0	FALSE																	
packedRation		4	0.24	1	80	450	0	plastic	FALSE	0	FALSE																	
redSoda		1	0.3	1	80	300	0	tin	FALSE	0	TRUE																	
water		1	0.5	1	50	0	10	plastic	FALSE	0	TRUE																	
*beer		4	0.5	1	50	400	0	tin	FALSE	0.5	TRUE																	
burgerMeat		5	0.34	1	80	500	0	plastic	FALSE	0	FALSE																	
burgerVeg		5	0.24	1	80	450	0	plastic	FALSE	0	FALSE																	
synthChicken		2	0.2	1	100	350	0	plastic	FALSE	0	FALSE																	
synthBeef		2	0.2	1	100	400	0	plastic	FALSE	0	FALSE																	
rocketCandy		100	0.01	1	200	100	0	plastic	FALSE	0	FALSE																	
*vodka		10	1	1	40	900	0	glassBottle	FALSE	1	FALSE																	
*wiskey		10	1	1	40	900	0	glassBottle	FALSE	1	FALSE																	
*armagnac		10	1	1	40	900	0	glassBottle	FALSE	1	FALSE																	
*spider_meat		1	1	1	50	400	-10		FALSE	0	FALSE																	
*furuncle		40	1	1	50	300	0		TRUE	0	FALSE																	
*spider_soup		2	0.6	1	60	600	-5	tin	FALSE	0	TRUE																	
*slanina		1	0.4	1	80	500	0		TRUE	0	FALSE																	
caviar		60	0.4	1	80	500	0	tin	FALSE	0	FALSE																	
wagyu_steak		60	0.4	1	80	500	0	plastic	FALSE	0	FALSE																	
truffle_oil		40	0.4	1	80	500	0	glassBottle	FALSE	0	TRUE																	
tuna_steak		60	0.4	1	80	500	0	plastic	FALSE	0	FALSE																	
watermelon_slice		20	0.4	1	80	500	0		FALSE	0	FALSE																	
#end																												
																												
#backpacks																												
Id		Price	Weight	InventoryWidthSize	Width	Height	DropChanceOnBroken	MaxDurability	MinDurabilityAfterRepair	Unbreakable	RepairCategory	AddServoArm	TotalItemsWeightMult	ReloadTurnBonus														
small_backpack		20	1	1	6	5	0.08	100	0	FALSE	cloth	FALSE	0.8	0														
medium_backpack		500	2	1	6	10	0.08	150	0	FALSE	cloth	FALSE	0.5	0														
big_backpack		1500	4	1	6	15	0.08	250	0	FALSE	cloth	FALSE	0.2	0														
servo_backpack		3500	8	1	6	20	0.08	500	0	FALSE	engineering_weapon	TRUE	0.1	4														
#end																												
																												
#vests																												
Id		Price	Weight	InventoryWidthSize	SlotCapacity	ReloadTurnBonus	DropChanceOnBroken	MaxDurability	MinDurabilityAfterRepair	Unbreakable	RepairCategory	ResistSheet																
pmc_vest		800	4	1	4	2	0.08	150	0	FALSE	cloth	blunt 0 pierce 0 lacer 0 fire 4 cold 0 poison 0 shock 0 beam 4																
pmc_vest_armored		1000	5	1	4	2	0.08	200	0	FALSE	armor	blunt 8 pierce 8 lacer 0 fire 8 cold 0 poison 0 shock 0 beam 8																
bandit_vest		20	1	1	3	0	0.08	60	0	FALSE	cloth	blunt 0 pierce 0 lacer 0 fire 0 cold 2 poison 0 shock 0 beam 0																
bandit_vest_armored		40	3	1	3	0	0.08	60	0	FALSE	trash_armor	blunt 6 pierce 6 lacer 0 fire 0 cold 4 poison 0 shock 0 beam 0																
army_vest		500	2	1	3	1	0.08	100	0	FALSE	cloth	blunt 0 pierce 0 lacer 0 fire 0 cold 0 poison 0 shock 0 beam 0																
cevlar_vest		500	3	1	1	0	0.08	150	0	FALSE	armor	blunt 2 pierce 8 lacer 8 fire 0 cold 0 poison 0 shock 0 beam 4																
cevlar_vest_pockets		800	4	1	2	0	0.08	150	0	FALSE	armor	blunt 2 pierce 8 lacer 8 fire 0 cold 0 poison 0 shock 0 beam 6																
ceramit_vest		1600	6	1	2	0	0.08	200	0	FALSE	heavy_armor	blunt 10 pierce 10 lacer 10 fire 0 cold 0 poison 0 shock 8 beam 8																
snake_belt		400	1	1	1	0	0.08	50	0	FALSE	cloth	blunt 1 pierce 0 lacer 0 fire 0 cold 0 poison 10 shock 0 beam 0																
#end																												
																												
#armors																												
Id		Price	Weight	InventoryWidthSize	MaxDurability	MinDurabilityAfterRepair	Unbreakable	RepairCategory	ResistSheet																			
doom_armor		800	6.5	1	250	0	FALSE	heavy_armor	blunt 14 pierce 14 lacer 10 fire 10 cold 8 poison 8 shock 6 beam 6																			
#end																												
																												
#helmets																												
Id		Price	Weight	InventoryWidthSize	MaxDurability	MinDurabilityAfterRepair	Unbreakable	RepairCategory	ResistSheet																			
doom_helmet		800	3.2	1	230	0	FALSE	heavy_armor	blunt 10 pierce 10 lacer 8 fire 8 cold 6 poison 6 shock 4 beam 4																			
#end																												
																												
#leggings																												
Id		Price	Weight	InventoryWidthSize	MaxDurability	MinDurabilityAfterRepair	Unbreakable	RepairCategory	ResistSheet																			
doom_pants		800	6.1	1	250	0	FALSE	heavy_armor	blunt 14 pierce 14 lacer 10 fire 10 cold 8 poison 8 shock 6 beam 6																			
#end																												
																												
#boots																												
Id		Price	Weight	InventoryWidthSize	MaxDurability	MinDurabilityAfterRepair	Unbreakable	RepairCategory	ResistSheet																			
doom_boots		800	4.1	1	230	0	FALSE	heavy_armor	blunt 10 pierce 10 lacer 8 fire 8 cold 6 poison 6 shock 4 beam 4																			
#end																												
																												
#repairs																												
Id		Price	Weight	InventoryWidthSize	MaxStack	RestoreAmount	ReduceMaxCapacity	RepairCategories	RestoreMaxCapacity																			
armor_shards		2	1	1	100	20	10	armor	FALSE																			
weapon_shards		2	0.4	1	200	20	10	weapon tech_weapon	FALSE																			
blunt_melee_shards		2	0.3	1	200	20	10	blunt_melee	FALSE																			
pierce_melee_shards		2	0.3	1	200	20	10	pierce_melee	FALSE																			
broken_weapon		1	0.1	1	500	10	5	trash_weapon	FALSE																			
rusty_shards		1	1.2	1	100	10	5	trash_armor	FALSE																			
coarse_gears		1	1	1	100	20	10	engineering_weapon	FALSE																			
rod		1	0.5	1	200	20	10	blunt_melee	FALSE																			
microelectronics		10	0.05	1	200	20	5	tech_weapon	FALSE																			
ceramite_shards		5	0.8	1	100	30	10	heavy_armor	FALSE																			
capacitor		10	0.5	1	200	20	5	tech_weapon	FALSE																			
tape		20	0.1	1	200	15	0	all	FALSE																			
*rags		1	0.2	1	200	20	10	cloth	FALSE																			
armor_repair_kit		300	1.2	1	100	50	0	armor trash_armor heavy_armor cloth	TRUE																			
weapon_repair_kit		300	1.2	1	100	50	0	weapon engineering_weapon tech_weapon trash_weapon	TRUE																			
melee_repair_kit		300	1.2	1	100	50	0	blunt_melee pierce_melee BluntTechnical	TRUE																			
demonic_shards		100	0.5	1	10	500	0	all	TRUE																			
venus_armor_shards		10	0.5	1	200	40	5	venus_armor	FALSE																			
moon_armor_shards		10	0.6	1	200	30	5	moon_armor	FALSE																			
moon_bones		10	0.6	1	200	40	5	moon_weapon	FALSE																			
venus_weapon_shard		10	0.5	1	200	40	5	venus_weapon	FALSE																			
#end																												
																												
#automaps																												
Id		Price	Weight	InventoryWidthSize	ExploreLevel	DestroyJammers	HighlightQuasimorphsDuration																					
demonic_aye		150	0.4	1	TRUE	TRUE	500																					
quasi_sensor_device		0	0	0	TRUE	FALSE	20																					
#end																												
																												
#grenades																												
Id		Price	Weight	InventoryWidthSize	MaxStack	TurnsToExplode	RicochetTrajectory	Parameters.VisualExplosion	Parameters.Radius	Parameters.GainDmgToCreature	Parameters.GainDmgToLocation	Parameters.GainDmgToMonolith	Parameters.Damage	Parameters.DamageType	Parameters.WoundChance	Parameters.Throwback	Parameters.ThrowbackChance	Parameters.ThrowbackDependOnRadius	Parameters.Stun	Parameters.StunChance	Parameters.StunDuration	Parameters.StunDependOnRadius	Parameters.PropagateFire	Parameters.PropagateFireChance	Parameters.LargeFireChance	Parameters.FireDependOnRadius	Parameters.PropagateLiquid	Parameters.LiquidType
frag_grenade		100	0.3	1	30	2	TRUE	TRUE	3	TRUE	TRUE	FALSE	75	explosion	70	TRUE	0.5	FALSE	FALSE	0	0	FALSE	TRUE	0.05	10	TRUE	FALSE	Red
qwasi_grenade		100	0.1	1	30	1	TRUE	TRUE	4	TRUE	TRUE	FALSE	95	beam	50	TRUE	0.3	FALSE	FALSE	0	0	FALSE	TRUE	0.3	0	FALSE	FALSE	Red
thermal_grenade		100	0.4	1	30	1	TRUE	FALSE	3	FALSE	FALSE	FALSE	20	fire	0	FALSE	0	FALSE	FALSE	0	0	FALSE	TRUE	0.9	75	FALSE	FALSE	Red
stun_grenade		100	0.2	1	30	1	TRUE	TRUE	4	FALSE	FALSE	FALSE	0	shock	0	FALSE	0	FALSE	TRUE	1	4	TRUE	FALSE	0	0	FALSE	FALSE	Red
trowable_heart		10	0.33	1	30	0	TRUE	FALSE	1	TRUE	FALSE	FALSE	10	blunt	10	FALSE	0	FALSE	FALSE	0	0	FALSE	FALSE	0	0	FALSE	TRUE	Red
trowing_knife		10	1	1	30	0	TRUE	FALSE	1	TRUE	FALSE	FALSE	30	pierce	10	FALSE	0	FALSE	FALSE	0	0	FALSE	FALSE	0	0	FALSE	FALSE	Red
handmade_frag_grenade		10	0.2	1	30	2	TRUE	TRUE	2	TRUE	TRUE	FALSE	30	explosion	60	TRUE	0.4	FALSE	FALSE	0	0	FALSE	TRUE	0.04	8	TRUE	FALSE	Red
handmade_thermal_grenade		10	1	1	30	0	FALSE	FALSE	2	FALSE	FALSE	FALSE	10	fire	0	FALSE	0	FALSE	FALSE	0	0	FALSE	TRUE	0.9	75	FALSE	FALSE	Red
nanorobot_grenade		250	1	1	30	0	FALSE	FALSE	3	TRUE	TRUE	FALSE	200	plasma	0	FALSE	0	FALSE	FALSE	0	0	FALSE	TRUE	0	0	FALSE	FALSE	Red
phase_bomb		250	0.3	1	30	0	FALSE	TRUE	3	TRUE	TRUE	TRUE	200	shock	70	FALSE	0.5	FALSE	FALSE	0	0	FALSE	TRUE	0.05	10	TRUE	FALSE	Red
#end																												
																												
#mines																												
Id		Price	Weight	InventoryWidthSize	MaxStack	TurnsToActivation	Parameters.VisualExplosion	Parameters.Radius	Parameters.GainDmgToCreature	Parameters.GainDmgToLocation	Parameters.Damage	Parameters.DamageType	Parameters.WoundChance	Parameters.Throwback	Parameters.ThrowbackChance	Parameters.ThrowbackDependOnRadius	Parameters.Stun	Parameters.StunChance	Parameters.StunDuration	Parameters.StunDependOnRadius	Parameters.PropagateFire	Parameters.PropagateFireChance	Parameters.LargeFireChance	Parameters.FireDependOnRadius				
frag_mine		20	0.55	1	30	1	TRUE	4	TRUE	TRUE	90	explosion	70	TRUE	0.5	FALSE	FALSE	0	0	FALSE	TRUE	0.05	10	TRUE				
#end																												
																												
#trash																												
Id		Price	Weight	InventoryWidthSize	MaxStack	SubType																						
human_wrist		10	0.6	1	50	Resource																						
human_feet		10	0.7	1	50	Resource																						
human_skin		10	0.3	1	100	Resource																						
human_poop		1	0.2	1	100	Resource																						
human_rib		10	0.1	1	200	Resource																						
human_skull		10	2.5	1	50	Resource																						
human_ear		2	0.1	1	200	Resource																						
human_aye		2	0.1	1	200	Resource																						
spider_brain		5	0.8	1	100	Resource																						
spider_joint		5	0.3	1	100	Resource																						
spider_cocoon		5	0.5	1	100	Resource																						
spider_aye		5	0.1	1	200	Resource																						
spider_chitin		5	0.5	1	200	Resource																						
spider_meat		5	1	1	100	Resource																						
spider_poisongland		20	0.1	1	200	Resource																						
*broken_weapon		5	0.1	1	500	Resource																						
plastic		5	0.1	1	200	Resource																						
powder		1	0.01	1	500	Resource																						
glass		5	0.05	1	200	Resource																						
metal_tread		10	0.4	1	200	Resource																						
*tape		20	0.1	1	200	Resource																						
wire		20	0.2	1	200	Resource																						
rubber		5	0.3	1	200	Resource																						
tread		1	0.01	1	200	Resource																						
explosives		10	0.6	1	200	Resource																						
acid		1	0.01	1	200	Resource																						
tin		1	0.1	1	100	Resource																						
miner_bolts_ammo		1	0.01	1	10	Resource																						
gas_ammo		1	0.02	1	10	Resource																						
glassBottle		1	0.35	1	100	Resource																						
organsBox		100	1.5	1	100	Container																						
itemsBox		999	5	1	10	Container																						
personalKey		20	0.02	1	100	Resource																						
cyborg_head		20	1.5	1	50	Resource																						
*moon_bones		20	0.6	1	200	Resource																						
moon_guts		20	0.4	1	200	Resource																						
aztec_guts		20	0.4	1	200	Resource																						
mercury_guts		20	0.4	1	200	Resource																						
mercury_scales		20	0.6	1	200	Resource																						
*circuit_board		20	0.1	1	200	Resource																						
ledgerBook		30	0.8	1	100	Resource																						
poppy_box		20	0.05	1	200	Resource																						
spring		1	0.1	1	200	Resource																						
lens		5	0.1	1	200	Resource																						
transformer		10	1.2	1	100	Resource																						
bulb		10	0.3	1	200	Resource																						
regular_food_container		76	2.2	2	20	Container																						
military_food_container		78	2.2	2	20	Container																						
luxury_food_container		98	1.5	1	20	Container																						
water_container		28	1.5	1	20	Container																						
alcogol_container		87	1.5	1	20	Container																						
regular_clothing_container		32	4.2	1	20	Container																						
miner_clothing_container		47	4.2	1	20	Container																						
worker_clothing_container		52	4.2	1	20	Container																						
scientist_clothing_container		64	4.2	1	20	Container																						
security_clothing_container		76	4.2	1	20	Container																						
weapon_container		80	2.3	1	20	Container																						
armor_container		75	2.3	1	20	Container																						
tool_container		79	2.3	1	20	Container																						
robot_parts_container		74	1.8	1	20	Container																						
electrical_parts_container		89	1.2	1	20	Container																						
military_parts_container		72	1.2	1	20	Container																						
engineering_parts_container		64	1.2	1	20	Container																						
ai_module		120	0.3	1	100	BartherResource																						
communication_relay		95	0.4	1	50	BartherResource																						
*defibrillator_device		99	0.5	1	10	Resource																						
*quasi_sensor_device		86	0.5	1	10	Resource																						
geoscanner_device		73	0.5	1	10	Resource																						
welding_machine_device		68	0.5	1	10	Resource																						
medical_equipment		156	5.8	2	10	BartherResource																						
scientific_equipment		174	5.6	2	10	BartherResource																						
mining_equipment		143	6.2	2	10	BartherResource																						
construction_equipment		168	6.2	2	10	BartherResource																						
chemical_analyzer		111	1.4	1	10	BartherResource																						
hydraulic_pump		97	1.6	1	10	BartherResource																						
quasiresearch_disk		118	0.2	1	50	BartherResource																						
research_disk		104	0.2	1	50	BartherResource																						
prototype_schematics		69	0.1	1	100	BartherResource																						
management_unit		114	0.1	1	100	BartherResource																						
darknet_unit		160	0.1	1	100	BartherResource																						
military_unit		132	0.1	1	100	BartherResource																						
memory_software		68	0.1	1	100	BartherResource																						
entertainment_software		54	0.1	1	100	BartherResource																						
expert_disk		98	0.1	1	100	BartherResource																						
quasisamples		143	1.4	1	50	BartherResource																						
biomass_tank		80	2.6	1	50	BartherResource																						
precious_metals		204	1	1	100	BartherResource																						
drug_cargo		196	1	1	20	BartherResource																						
gunbang_magazine		60	0.1	1	100	BartherResource																						
medical_components		80	2.2	1	20	BartherResource																						
watermelon		20	0.4	1	50	Container																						
#end																												
																												
#itemtransformation																												
Id		OutputItems																										
mre_pack		synthBeef synthBeef synthChicken																										
nanorobot_grenade		glass glass explosives explosives acid acid acid																										
phase_bomb		broken_weapon broken_weapon explosives explosives explosives																										
organsBox		bloodBag bloodBag furuncle trowable_heart human_aye human_ear meat1 meat1 meat1																										
quasi_sensor_device		circuit_board transformer bulb																										
#end																												
																												
#itemreceipts																												
Id		OutputItem	RequiredItems	ProduceTimeInHours	ModifyStartCost	ModifyStep	ModifyItemsGrades																					
		synthChicken	plastic	4	1	1.01																						
		synthBeef	plastic	4	1	1.01																						
		bandit_vest	rags tread	8	1	1.01																						
		small_backpack	rags rags rags tread	8	1	1.01																						
		blue_tshirt	rags tread	6	1	1.02	tread 2 rags 10 rubber 50 regular_clothing_container 250																					
		dark_pants	rags tread	6	1	1.02	tread 2 rags 10 rubber 50 regular_clothing_container 250																					
		blue_boots	rags tread plastic	6	1	1.02	tread 2 rubber 10 rusty_shards 50 regular_clothing_container 250																					
		army_knife	pierce_melee_shards plastic	8	1	1.02	broken_weapon 2 pierce_melee_shards 20 rusty_shards 100 tool_container 500																					
		army_pistol	plastic spring	10	1	1.02	shotgun_shrapnel_ammo 1 weapon_shards 20 coarse_gears 100 tool_container 500																					
		pmc_pistol	plastic spring	10	1	1.02	medium_basic_ammo 1 weapon_shards 20 coarse_gears 100 tool_container 500																					
		pistol_basic_ammo	powder	0.5	1	1.01																						
		shotgun_shrapnel_ammo	powder	0.5	1	1.01																						
		bandage	rags rags	6	1	1.01																						
		splint	rags plastic	6	1	1.01																						
		antibiotics	plastic rottenMeat	10	1	1.01																						
		medpack	bandage splint antibiotics	18	1	1.01																						
		morphine	glass poppy_box	18	1	1.01																						
		sorbent		2	1	1.01																						
		phase_bomb	bulb capacitor explosives circuit_board microelectronics	24	1	1.01																						
		tech_katana	pierce_melee_shards metal_tread plastic rubber	32	1	1.02	broken_weapon 2 pierce_melee_shards 20 melee_repair_kit 100 weapon_container 500																					
		pmc_club	blunt_melee_shards rod plastic	14	1	1.02	broken_weapon 2 blunt_melee_shards 20 rod 100 tool_container 500																					
		franch_baton	blunt_melee_shards rod bulb	24	1	1.02	broken_weapon 2 blunt_melee_shards 20 bulb 100 weapon_container 500																					
		hatchet	pierce_melee_shards blunt_melee_shards rubber	24	1	1.02	broken_weapon 2 pierce_melee_shards 20 rusty_shards 100 tool_container 500																					
		spec_hatchet	pierce_melee_shards blunt_melee_shards armor_shards	28	1	1.02	broken_weapon 2 pierce_melee_shards 20 melee_repair_kit 100 weapon_container 500																					
		sapper_shovel	rusty_shards pierce_melee_shards rod	12	1	1.02	broken_weapon 2 pierce_melee_shards 20 rusty_shards 100 weapon_container 500																					
		army_pistol_2	plastic weapon_shards	14	1	1.02	shotgun_shrapnel_ammo 1 weapon_shards 20 spring 100 weapon_container 500																					
		army_pistol_3	plastic weapon_shards metal_tread	18	1	1.02	shotgun_shrapnel_ammo 1 weapon_shards 20 weapon_repair_kit 100 weapon_container 500																					
		army_pistol_4	ceramite_shards weapon_shards metal_tread	36	1	1.02	shotgun_shrapnel_ammo 1 weapon_shards 15 ceramite_shards 45 weapon_repair_kit 145 military_parts_container 500																					
		pmc_pistol_2	plastic weapon_shards	16	1	1.02	medium_basic_ammo 1 weapon_shards 20 spring 100 weapon_container 500																					
		pmc_pistol_3	plastic weapon_shards metal_tread spring	18	1	1.02	medium_basic_ammo 1 weapon_shards 20 weapon_repair_kit 100 weapon_container 500																					
		spec_pistol_2	rubber weapon_shards metal_tread	24	1	1.02	pistol_basic_ammo 1 weapon_shards 20 spring 100 weapon_container 500																					
		spec_pistol_3	rubber weapon_shards metal_tread blunt_melee_shards	38	1	1.02	pistol_basic_ammo 1 weapon_shards 20 weapon_repair_kit 100 weapon_container 500																					
		spec_pistol_rv	ceramite_shards armor_shards weapon_shards circuit_board	42	1	1.02	pistol_basic_ammo 1 weapon_shards 15 ceramite_shards 45 circuit_board 145 military_parts_container 500																					
		dark_pistol_2	rubber weapon_shards blunt_melee_shards	24	1	1.02	heavy_basic_ammo 1 weapon_shards 20 spring 100 tool_container 500																					
		dark_pistol_3	rubber weapon_shards spring blunt_melee_shards	26	1	1.02	heavy_basic_ammo 1 weapon_shards 20 weapon_repair_kit 100 weapon_container 500																					
		dark_pistol_4	ceramite_shards weapon_shards blunt_melee_shards	36	1	1.02	heavy_basic_ammo 1 weapon_shards 15 spring 45 weapon_repair_kit 145 weapon_container 500																					
		dark_pistol_5	ceramite_shards weapon_shards spring	36	1	1.02	heavy_basic_ammo 1 weapon_shards 15 ceramite_shards 45 weapon_repair_kit 145 military_parts_container 500																					
		rail_pistol_2	rubber circuit_board capacitor metal_tread	30	1	1.02	broken_weapon 1 weapon_shards 15 capacitor 45 circuit_board 145 weapon_container 500																					
		rail_pistol_3	rubber microelectronics capacitor metal_tread	34	1	1.02	broken_weapon 1 weapon_shards 15 capacitor 45 microelectronics 145 electrical_parts_container 500																					
		tech_pistol_2	plastic circuit_board bulb wire	36	1	1.02	battery_charge 1 weapon_shards 15 bulb 45 circuit_board 145 weapon_container 500																					
		tech_pistol_3	plastic microelectronics bulb wire	40	1	1.02	battery_charge 1 weapon_shards 15 bulb 45 microelectronics 145 weapon_container 500																					
		petrov_pistol_2	plastic spring	20	1	1.02	pistol_basic_ammo 1 weapon_shards 20 spring 100 weapon_container 500																					
		petrov_pistol_3	plastic weapon_shards	24	1	1.02	pistol_basic_ammo 1 weapon_shards 20 weapon_repair_kit 100 weapon_container 500																					
		core_nailgun	rusty_shards plastic spring	26	1	1.02	miner_bolts_ammo 1 weapon_shards 20 coarse_gears 100 engineering_parts_container 500																					
		ancm_quasi_pistol	ceramite_shards microelectronics venus_weapon_shard wire	46	1	1.02	quasi_basic_ammo 1 venus_weapon_shard 15 ceramite_shards 45 microelectronics 145 electrical_parts_container 500																					
		sbn_pistol	armor_shards microelectronics capacitor metal_tread	36	1	1.02	battery_charge 1 armor_shards 15 capacitor 45 microelectronics 145 electrical_parts_container 500																					
		daydream_frostgun	plastic circuit_board circuit_board bulb wire	40	1	1.02	battery_charge 1 plastic 15 bulb 45 circuit_board 145 engineering_parts_container 500																					
		gh_pistol	rubber weapon_shards spring	32	1	1.02	heavy_basic_ammo 1 weapon_shards 20 spring 100 engineering_parts_container 500																					
		sl_pistol	armor_shards microelectronics bulb wire	42	1	1.02	battery_charge 1 armor_shards 15 bulb 45 microelectronics 145 electrical_parts_container 500																					
		franch_pistol	rubber weapon_shards spring metal_tread	28	1	1.02	pistol_basic_ammo 1 weapon_shards 20 weapon_repair_kit 100 military_parts_container 500																					
		pmc_shotgun	rubber weapon_shards blunt_melee_shards	24	1	1.02	shotgun_shrapnel_ammo 1 rubber 20 blunt_melee_shards 100 tool_container 500																					
		pmc_shotgun_2	armor_shards weapon_shards blunt_melee_shards	38	1	1.02	shotgun_shrapnel_ammo 1 rubber 15 blunt_melee_shards 45 spring 145 weapon_container 500																					
		dark_shotgun	rubber weapon_shards spring blunt_melee_shards	28	1	1.02	shotgun_shrapnel_ammo 1 blunt_melee_shards 20 spring 100 tool_container 500																					
		dark_shotgun_2	armor_shards weapon_shards spring blunt_melee_shards	36	1	1.02	shotgun_shrapnel_ammo 1 blunt_melee_shards 15 spring 45 weapon_repair_kit 145 weapon_container 500																					
		dark_shotgun_3	ceramite_shards weapon_shards spring blunt_melee_shards	44	1	1.02	shotgun_shrapnel_ammo 1 blunt_melee_shards 15 spring 45 ceramite_shards 145 military_parts_container 500																					
		desert_shotgun_2	rubber weapon_shards spring blunt_melee_shards	24	1	1.02	shotgun_shrapnel_ammo 1 blunt_melee_shards 20 spring 100 engineering_parts_container 500																					
		plazma_shotgun	ceramite_shards ceramite_shards microelectronics capacitor	50	1	1.02	battery_charge 1 capacitor 15 ceramite_shards 45 microelectronics 145 electrical_parts_container 500																					
		spec_shotgun	armor_shards weapon_shards blunt_melee_shards	26	1	1.02	shotgun_shrapnel_ammo 1 weapon_shards 15 blunt_melee_shards 45 weapon_repair_kit 145 military_parts_container 500																					
		church_shotgun	ceramite_shards ceramite_shards weapon_shards spring blunt_melee_shards	50	1	1.02	shotgun_shrapnel_ammo 1 weapon_shards 15 spring 45 ceramite_shards 145 military_parts_container 500																					
		ancm_shotgun	armor_shards ceramite_shards weapon_shards blunt_melee_shards	48	1	1.02	shotgun_shrapnel_ammo 1 armor_shards 15 blunt_melee_shards 45 weapon_repair_kit 145 military_parts_container 500																					
		sbn_shotgun	armor_shards microelectronics capacitor metal_tread	40	1	1.02	battery_charge 1 armor_shards 15 capacitor 45 microelectronics 145 electrical_parts_container 500																					
		sl_shotgun	ceramite_shards ceramite_shards microelectronics capacitor	48	1	1.02	battery_charge 1 capacitor 15 ceramite_shards 45 microelectronics 145 electrical_parts_container 500																					
		pmc_smg	rubber weapon_shards blunt_melee_shards	18	1	1.02	pistol_basic_ammo 1 weapon_shards 20 blunt_melee_shards 100 tool_container 500																					
		pmc_smg_2	rubber weapon_shards spring blunt_melee_shards	22	1	1.02	pistol_basic_ammo 1 weapon_shards 20 spring 100 weapon_container 500																					
		pmc_smg_3	rubber weapon_shards weapon_shards spring blunt_melee_shards	32	1	1.02	pistol_basic_ammo 1 weapon_shards 20 weapon_repair_kit 100 military_parts_container 500																					
		spec_smg	armor_shards weapon_shards spring blunt_melee_shards	28	1	1.02	medium_basic_ammo 1 weapon_shards 20 blunt_melee_shards 100 weapon_container 500																					
		bandit_smg_2	rubber weapon_shards blunt_melee_shards	18	1	1.02	shotgun_shrapnel_ammo 1 weapon_shards 20 blunt_melee_shards 100 engineering_parts_container 500																					
		tech_smg	plastic circuit_board bulb wire capacitor	48	1	1.02	battery_charge 1 plastic 15 capacitor 45 circuit_board 145 electrical_parts_container 500																					
		plazma_smg	ceramite_shards circuit_board microelectronics transformer	42	1	1.02	battery_charge 1 weapon_shards 15 transformer 45 microelectronics 145 electrical_parts_container 500																					
		spec_smg_rv	ceramite_shards weapon_shards spring blunt_melee_shards	48	1	1.02	medium_basic_ammo 1 weapon_shards 15 spring 45 ceramite_shards 145 military_parts_container 500																					
		ancm_smg	armor_shards armor_shards weapon_shards spring	36	1	1.02	medium_basic_ammo 1 armor_shards 15 spring 45 weapon_repair_kit 145 military_parts_container 500																					
		franch_smg	rubber weapon_shards spring spring	40	1	1.02	pistol_basic_ammo 1 weapon_shards 15 rubber 45 spring 145 military_parts_container 500																					
		sbn_smg	ceramite_shards microelectronics capacitor metal_tread	44	1	1.02	battery_charge 1 weapon_shards 15 capacitor 45 microelectronics 145 electrical_parts_container 500																					
		toxic_smg	plastic glass circuit_board metal_tread	26	1	1.02	toxic_ammo 1 plastic 15 glass 45 circuit_board 145 engineering_parts_container 500																					
		pmc_assault	armor_shards weapon_shards lens blunt_melee_shards	32	1	1.02	heavy_basic_ammo 1 weapon_shards 15 blunt_melee_shards 45 lens 145 weapon_container 500																					
		spec_assault	ceramite_shards weapon_shards lens blunt_melee_shards	42	1	1.02	heavy_basic_ammo 1 weapon_shards 15 lens 45 ceramite_shards 145 weapon_container 500																					
		spec_assault_rv	ceramite_shards armor_shards weapon_shards microelectronics circuit_board	52	1	1.02	heavy_basic_ammo 1 weapon_shards 15 lens 45 circuit_board 145 military_parts_container 500																					
		desert_assault	armor_shards weapon_shards spring blunt_melee_shards	36	1	1.02	heavy_basic_ammo 1 weapon_shards 15 armor_shards 45 spring 145 weapon_container 500																					
		ancm_quasi_assault	armor_shards ceramite_shards microelectronics venus_weapon_shard wire	50	1	1.02	quasi_basic_ammo 1 armor_shards 15 venus_weapon_shard 45 quasisamples 145 electrical_parts_container 500																					
		gh_assault	armor_shards weapon_shards lens blunt_melee_shards	30	1	1.02	heavy_basic_ammo 1 weapon_shards 15 lens 45 weapon_repair_kit 145 engineering_parts_container 500																					
		franch_assault	ceramite_shards armor_shards weapon_shards lens	38	1	1.02	heavy_basic_ammo 1 armor_shards 15 lens 45 ceramite_shards 145 military_parts_container 500																					
		plazma_assault	ceramite_shards circuit_board microelectronics capacitor	44	1	1.02	battery_charge 1 weapon_shards 15 circuit_board 45 microelectronics 145 electrical_parts_container 500																					
		army_sniper	ceramite_shards weapon_shards lens spring blunt_melee_shards blunt_melee_shards	54	1	1.02	heavy_basic_ammo 1 blunt_melee_shards 15 lens 45 weapon_repair_kit 145 weapon_container 500																					
		army_sniper_2	ceramite_shards weapon_shards lens microelectronics	58	1	1.02	heavy_basic_ammo 1 blunt_melee_shards 15 lens 45 microelectronics 145 military_parts_container 500																					
		desert_marksman	rubber weapon_shards blunt_melee_shards	30	1	1.02	heavy_basic_ammo 1 weapon_shards 15 rubber 45 blunt_melee_shards 145 weapon_container 500																					
		desert_marksman_2	armor_shards weapon_shards lens blunt_melee_shards blunt_melee_shards	40	1	1.02	heavy_basic_ammo 1 weapon_shards 15 blunt_melee_shards 45 weapon_repair_kit 145 military_parts_container 500																					
		tech_marksman	plastic microelectronics lens bulb transformer	60	1	1.02	battery_charge 1 bulb 15 transformer 45 microelectronics 145 electrical_parts_container 500																					
		tech_rifle	plastic microelectronics lens bulb capacitor	44	1	1.02	battery_charge 1 bulb 15 capacitor 45 microelectronics 145 electrical_parts_container 500																					
		ancm_marksman	ceramite_shards weapon_shards lens microelectronics blunt_melee_shards	62	1	1.02	medium_basic_ammo 1 weapon_shards 15 lens 45 microelectronics 145 military_parts_container 500																					
		rail_rifle	ceramite_shards microelectronics capacitor metal_tread metal_tread	54	1	1.02	battery_charge 1 capacitor 15 ceramite_shards 45 microelectronics 145 electrical_parts_container 500																					
		gh_marksman	armor_shards weapon_shards lens blunt_melee_shards	48	1	1.02	heavy_basic_ammo 1 weapon_shards 15 lens 45 weapon_repair_kit 145 engineering_parts_container 500																					
		sl_sniper	ceramite_shards microelectronics lens transformer capacitor	64	1	1.02	battery_charge 1 lens 15 transformer 45 microelectronics 145 electrical_parts_container 500																					
		core_nailmachinegun	rusty_shards coarse_gears spring rod	34	1	1.02	miner_bolts_ammo 1 rusty_shards 15 coarse_gears 45 spring 145 engineering_parts_container 500																					
		core_laser	armor_shards plastic circuit_board bulb wire	40	1	1.02	battery_charge 1 plastic 15 bulb 45 circuit_board 145 electrical_parts_container 500																					
		desert_hmg	ceramite_shards weapon_shards spring blunt_melee_shards blunt_melee_shards	52	1	1.02	heavy_basic_ammo 1 weapon_shards 15 spring 45 ceramite_shards 145 military_parts_container 500																					
		plazma_hmg	ceramite_shards microelectronics wire capacitor transformer	64	1	1.02	battery_charge 1 transformer 15 ceramite_shards 45 microelectronics 145 electrical_parts_container 500																					
		spec_hmg	ceramite_shards weapon_shards metal_tread spring blunt_melee_shards blunt_melee_shards	62	1	1.02	heavy_basic_ammo 1 weapon_shards 15 spring 45 ceramite_shards 145 military_parts_container 500																					
		pb_shockgun	ceramite_shards microelectronics microelectronics bulb capacitor transformer	70	1	1.02	battery_charge 1 bulb 15 capacitor 45 transformer 145 electrical_parts_container 500																					
		core_disctrower	ceramite_shards coarse_gears spring armor_shards rod	38	1	1.02	sawblade_ammo 1 coarse_gears 15 spring 45 ceramite_shards 145 engineering_parts_container 500																					
		core_flametrower	ceramite_shards coarse_gears metal_tread armor_shards rod	36	1	1.02	gas_ammo 1 coarse_gears 15 spring 45 ceramite_shards 145 engineering_parts_container 500																					
		toxic_trower	armor_shards glass circuit_board capacitor	48	1	1.02	toxic_ammo 1 armor_shards 20 glass 100 engineering_parts_container 500																					
		regular_launcher	armor_shards weapon_shards spring metal_tread blunt_melee_shards	56	1	1.02	powder 1 weapon_shards 15 spring 45 weapon_repair_kit 145 military_parts_container 500																					
		pistol_burst_ammo	powder gas_ammo	0.8	1	1.01																						
		pistol_expansive_ammo	powder powder	1	1	1.01																						
		miner_bolts_ammo	broken_weapon	0.2	1	1.01																						
		shotgun_bullet_ammo	powder powder	0.8	1	1.01																						
		shotgun_flechette_ammo	powder miner_bolts_ammo	1	1	1.01																						
		shotgun_dragon_ammo	powder gas_ammo	1.2	1	1.01																						
		medium_basic_ammo	powder	1	1	1.01																						
		medium_police_ammo	powder powder	1.5	1	1.01																						
		heavy_basic_ammo	powder powder	1	1	1.01																						
		heavy_armorpierce_ammo	powder powder powder	2	1	1.01																						
		battery_charge	glass acid	2.5	1	1.01																						
		sawblade_ammo	broken_weapon	0.8	1	1.01																						
		toxic_ammo	acid	1	1	1.01																						
		medicalClue	plastic antibiotics	8	1	1.01																						
		surgicalKit	medpack morphine medicalClue naloxone	40	1	1.01																						
		antidote	plastic spider_poisongland	12	1	1.01																						
		bloodBag	plastic trowable_heart	10	1	1.01																						
		painkillers	plastic poppy_box	8	1	1.01																						
		vodka	glassBottle water human_poop	8	1	1.01																						
		mre_pack	synthBeef synthBeef synthChicken	10	1	1.01																						
		medium_backpack	rags rags plastic rubber tread	36	1	1.01																						
		big_backpack	rags plastic rubber armor_shards tread	48	1	1.01																						
		servo_backpack	plastic plastic rubber metal_tread wire	30	1	1.01																						
		pmc_vest	rags rags metal_tread tread	24	1	1.01																						
		pmc_vest_armored	pmc_vest armor_shards metal_tread	36	1	1.01																						
		bandit_vest_armored	bandit_vest rusty_shards metal_tread	24	1	1.01																						
		army_vest	rags rags tread	12	1	1.01																						
		cevlar_vest	armor_shards rubber metal_tread	24	1	1.01																						
		cevlar_vest_pockets	cevlar_vest rags tread	36	1	1.01																						
		ceramit_vest	ceramite_shards rubber metal_tread	36	1	1.01																						
		doom_armor	armor_shards ceramite_shards metal_tread capacitor	48	1	1.05	armor_shards 1 metal_tread 3 capacitor 9 ceramite_shards 25 armor_container 80																					
		ancom_armor	armor_shards ceramite_shards rubber rubber capacitor	52	1	1.05	armor_shards 1 rubber 3 capacitor 9 ceramite_shards 25 robot_parts_container 80																					
		power_armor	armor_shards capacitor metal_tread	48	1	1.05	armor_shards 1 metal_tread 3 capacitor 9 armor_repair_kit 25 armor_container 80																					
		realwear_armor	armor_shards armor_shards ceramite_shards rubber capacitor	54	1	1.05	armor_shards 1 rubber 3 capacitor 9 ceramite_shards 25 robot_parts_container 80																					
		smuggler_armor	armor_shards rubber tread	24	1	1.05	armor_shards 1 tread 4 rubber 20 worker_clothing_container 80																					
		solnet_armor	armor_shards ceramite_shards rubber capacitor capacitor	50	1	1.05	armor_shards 1 rubber 3 capacitor 9 ceramite_shards 25 scientist_clothing_container 80																					
		worker_armor	armor_shards rubber rubber tread	30	1	1.05	armor_shards 1 tread 4 rubber 20 worker_clothing_container 80																					
		pmc_armor	armor_shards rags tread	18	1	1.05	armor_shards 1 rags 4 tread 20 armor_container 80																					
		security_armor	armor_shards rags tread tread	24	1	1.05	armor_shards 1 rags 4 tread 20 security_clothing_container 80																					
		rw_militia_vest	armor_shards rags rags tread	22	1	1.05	armor_shards 1 rags 4 tread 20 regular_clothing_container 80																					
		rw_warlord_armor	ceramite_shards ceramite_shards armor_shards rubber capacitor	64	1	1.05	armor_shards 1 capacitor 3 ceramite_shards 9 armor_repair_kit 25 robot_parts_container 80																					
		svn_cap_vest	armor_shards rags rags tread	22	1	1.05	armor_shards 1 rags 4 tread 20 regular_clothing_container 80																					
		svn_heavy_armor	ceramite_shards ceramite_shards armor_shards rubber capacitor	64	1	1.05	armor_shards 1 capacitor 3 ceramite_shards 9 armor_repair_kit 25 security_clothing_container 80																					
		daydream_chem_vest	rubber rubber plastic tread	32	1	1.05	armor_shards 1 rubber 4 plastic 20 scientist_clothing_container 80																					
		daydream_armored_vest	armor_shards armor_shards rubber plastic tread	60	1	1.05	armor_shards 1 rubber 3 plastic 9 ceramite_shards 25 scientist_clothing_container 80																					
		sl_power_armor	armor_shards ceramite_shards rubber capacitor microelectronics	62	1	1.05	armor_shards 1 capacitor 3 ceramite_shards 9 microelectronics 25 scientist_clothing_container 80																					
		ancom_police_armor	armor_shards armor_shards rags tread	34	1	1.05	armor_shards 1 rags 4 tread 20 security_clothing_container 80																					
		ancom_agent_armor	rags rags rubber rubber tread	36	1	1.05	armor_shards 1 rags 4 rubber 20 security_clothing_container 80																					
		church_priest_shirt	rags rags rubber plastic tread	34	1	1.05	armor_shards 1 rags 4 plastic 20 armor_container 80																					
		church_power_armor	ceramite_shards ceramite_shards capacitor metal_tread	40	1	1.05	armor_shards 1 metal_tread 3 capacitor 9 ceramite_shards 25 robot_parts_container 80																					
		pb_vest	rags rags rusty_shards tread	16	1	1.05	armor_shards 1 rags 4 rusty_shards 20 regular_clothing_container 80																					
		pb_heavy_armor	armor_shards ceramite_shards capacitor metal_tread metal_tread	46	1	1.05	armor_shards 1 metal_tread 3 capacitor 9 ceramite_shards 25 miner_clothing_container 80																					
		franch_heavy_armor	armor_shards ceramite_shards rubber rubber capacitor	52	1	1.05	armor_shards 1 rubber 3 capacitor 9 ceramite_shards 25 armor_container 80																					
		core_hard_vest	rags rags rusty_shards tread	16	1	1.05	armor_shards 1 rags 4 rusty_shards 20 worker_clothing_container 80																					
		core_power_armor	ceramite_shards ceramite_shards armor_shards armor_shards capacitor	64	1	1.05	armor_shards 1 capacitor 3 ceramite_shards 9 armor_repair_kit 25 miner_clothing_container 80																					
		doom_helmet	armor_shards ceramite_shards glass circuit_board	48	1	1.05	armor_shards 1 glass 3 ceramite_shards 9 circuit_board 25 armor_container 80																					
		ancom_helmet	armor_shards ceramite_shards glass microelectronics microelectronics	52	1	1.05	armor_shards 1 glass 3 ceramite_shards 9 microelectronics 25 robot_parts_container 80																					
		power_helmet	armor_shards glass circuit_board	48	1	1.05	armor_shards 1 glass 3 circuit_board 9 armor_repair_kit 25 armor_container 80																					
		realwear_helmet	armor_shards armor_shards ceramite_shards glass microelectronics	54	1	1.05	armor_shards 1 glass 3 ceramite_shards 9 microelectronics 25 robot_parts_container 80																					
		smuggler_helmet	armor_shards rubber glass	24	1	1.05	armor_shards 1 rubber 4 glass 20 worker_clothing_container 80																					
		solnet_helmet	armor_shards ceramite_shards glass glass microelectronics	50	1	1.05	armor_shards 1 rubber 3 glass 9 ceramite_shards 25 scientist_clothing_container 80																					
		worker_helmet	armor_shards rubber rubber glass	30	1	1.05	armor_shards 1 rubber 4 glass 20 worker_clothing_container 80																					
		pmc_helmet	armor_shards plastic glass	18	1	1.05	armor_shards 1 plastic 4 glass 20 armor_container 80																					
		rw_militia_helmet	armor_shards plastic	22	1	1.05	armor_shards 1 rags 4 plastic 20 armor_container 80																					
		rw_warlord_helmet	ceramite_shards ceramite_shards armor_shards armor_shards glass microelectronics	64	1	1.05	armor_shards 1 glass 3 ceramite_shards 9 microelectronics 25 robot_parts_container 80																					
		svn_cap_hat	rags rags tread	22	1	1.05	armor_shards 1 rags 4 tread 20 regular_clothing_container 80																					
		svn_heavy_helmet	ceramite_shards ceramite_shards armor_shards glass microelectronics	64	1	1.05	armor_shards 1 glass 3 ceramite_shards 9 microelectronics 25 security_clothing_container 80																					
		daydream_chem_helmet	armor_shards rubber rubber glass	32	1	1.05	armor_shards 1 rubber 4 glass 20 scientist_clothing_container 80																					
		daydream_armored_helmet	armor_shards ceramite_shards glass glass microelectronics	60	1	1.05	armor_shards 1 glass 3 ceramite_shards 9 microelectronics 25 scientist_clothing_container 80																					
		sl_power_helmet	armor_shards ceramite_shards glass microelectronics	62	1	1.05	armor_shards 1 glass 3 ceramite_shards 9 armor_repair_kit 25 scientist_clothing_container 80																					
		ancom_police_mask	armor_shards plastic glass	34	1	1.05	armor_shards 1 plastic 4 glass 20 security_clothing_container 80																					
		ancom_agent_mask	armor_shards armor_shards glass	36	1	1.05	armor_shards 1 glass 4 armor_repair_kit 20 security_clothing_container 80																					
		church_priest_helmet	armor_shards glass glass	34	1	1.05	armor_shards 1 glass 4 armor_repair_kit 20 armor_container 80																					
		church_power_helmet	armor_shards armor_shards glass circuit_board	40	1	1.05	armor_shards 1 glass 3 circuit_board 9 armor_repair_kit 25 robot_parts_container 80																					
		pb_hard_hat	rags rags rusty_shards	16	1	1.05	armor_shards 1 rags 4 rusty_shards 20 miner_clothing_container 80																					
		pb_heavy_helmet	armor_shards ceramite_shards glass circuit_board	46	1	1.05	armor_shards 1 glass 3 circuit_board 9 ceramite_shards 25 armor_container 80																					
		franch_helmet	armor_shards plastic plastic	24	1	1.05	armor_shards 1 plastic 4 armor_repair_kit 20 worker_clothing_container 80																					
		franch_heavy_mask	armor_shards armor_shards ceramite_shards glass microelectronics	52	1	1.05	armor_shards 1 glass 3 ceramite_shards 9 microelectronics 25 armor_container 80																					
		core_hard_hat	rags rags rusty_shards	16	1	1.05	armor_shards 1 rags 4 rusty_shards 20 worker_clothing_container 80																					
		core_power_helmet	ceramite_shards armor_shards armor_shards glass microelectronics	64	1	1.05	armor_shards 1 glass 3 ceramite_shards 9 microelectronics 25 miner_clothing_container 80																					
		balaklava	rags tread	10	1	1.05	armor_shards 1 rags 4 tread 20 regular_clothing_container 80																					
		doom_pants	armor_shards ceramite_shards rubber metal_tread	48	1	1.05	armor_shards 1 metal_tread 3 rubber 9 ceramite_shards 25 armor_container 80																					
		ancom_pants	armor_shards ceramite_shards rubber plastic plastic	52	1	1.05	armor_shards 1 plastic 3 rubber 9 ceramite_shards 25 robot_parts_container 80																					
		power_pants	armor_shards rubber metal_tread	48	1	1.05	armor_shards 1 metal_tread 3 rubber 9 armor_repair_kit 25 armor_container 80																					
		realwear_pants	armor_shards armor_shards ceramite_shards rubber plastic	54	1	1.05	armor_shards 1 plastic 3 rubber 9 ceramite_shards 25 robot_parts_container 80																					
		smuggler_pants	armor_shards rubber tread	10	1	1.05	armor_shards 1 tread 4 rubber 20 worker_clothing_container 80																					
		solnet_pants	armor_shards ceramite_shards rubber rubber plastic	50	1	1.05	armor_shards 1 rubber 3 plastic 9 ceramite_shards 25 scientist_clothing_container 80																					
		worker_pants	armor_shards rubber rubber tread	30	1	1.05	armor_shards 1 tread 4 rubber 20 worker_clothing_container 80																					
		pmc_pants	armor_shards rags tread	12	1	1.05	armor_shards 1 rags 4 tread 20 armor_container 80																					
		rw_militia_pants	armor_shards rags rags tread	22	1	1.05	armor_shards 1 rags 4 tread 20 regular_clothing_container 80																					
		rw_warlord_pants	ceramite_shards ceramite_shards armor_shards armor_shards rubber	64	1	1.05	armor_shards 1 rubber 3 ceramite_shards 9 armor_repair_kit 25 robot_parts_container 80																					
		svn_cap_pants	armor_shards rags	22	1	1.05	armor_shards 1 rags 4 armor_repair_kit 20 regular_clothing_container 80																					
		svn_heavy_pants	ceramite_shards ceramite_shards armor_shards rubber rubber	64	1	1.05	armor_shards 1 rubber 3 ceramite_shards 9 armor_repair_kit 25 security_clothing_container 80																					
		daydream_chem_pants	armor_shards rubber rubber tread	32	1	1.05	armor_shards 1 rubber 4 tread 20 scientist_clothing_container 80																					
		daydream_armored_pants	armor_shards armor_shards ceramite_shards rubber plastic	60	1	1.05	armor_shards 1 rubber 3 plastic 9 ceramite_shards 25 scientist_clothing_container 80																					
		sl_power_pants	armor_shards ceramite_shards rubber plastic plastic	62	1	1.05	armor_shards 1 plastic 3 rubber 9 ceramite_shards 25 scientist_clothing_container 80																					
		ancom_police_pants	armor_shards armor_shards rags tread	34	1	1.05	armor_shards 1 rags 4 tread 20 security_clothing_container 80																					
		ancom_agent_pants	armor_shards armor_shards rubber tread	36	1	1.05	armor_shards 1 rags 4 rubber 20 security_clothing_container 80																					
		church_priest_pants	armor_shards rubber tread tread	34	1	1.05	armor_shards 1 tread 4 rubber 20 armor_container 80																					
		church_power_pants	armor_shards armor_shards rubber metal_tread	40	1	1.05	armor_shards 1 rubber 3 metal_tread 9 ceramite_shards 25 robot_parts_container 80																					
		pb_pants	rags rusty_shards tread	16	1	1.05	armor_shards 1 rags 4 rusty_shards 20 miner_clothing_container 80																					
		pb_heavy_pants	armor_shards ceramite_shards rubber metal_tread metal_tread	46	1	1.05	armor_shards 1 metal_tread 3 rubber 9 ceramite_shards 25 armor_container 80																					
		franch_pants	armor_shards armor_shards rags tread	24	1	1.05	armor_shards 1 rags 4 tread 20 worker_clothing_container 80																					
		franch_heavy_pants	armor_shards ceramite_shards rubber rubber plastic	52	1	1.05	armor_shards 1 plastic 3 rubber 9 ceramite_shards 25 armor_container 80																					
		core_hard_pants	rags rusty_shards tread	16	1	1.05	armor_shards 1 rags 4 rusty_shards 20 worker_clothing_container 80																					
		core_power_pants	ceramite_shards ceramite_shards armor_shards rubber rubber	64	1	1.05	armor_shards 1 rubber 3 ceramite_shards 9 armor_repair_kit 25 miner_clothing_container 80																					
		doom_boots	ceramite_shards armor_shards rubber metal_tread	48	1	1.05	armor_shards 1 metal_tread 3 rubber 9 ceramite_shards 25 armor_container 80																					
		ancom_boots	armor_shards ceramite_shards rubber plastic plastic	52	1	1.05	armor_shards 1 plastic 3 rubber 9 ceramite_shards 25 robot_parts_container 80																					
		power_boots	armor_shards rubber metal_tread	48	1	1.05	armor_shards 1 metal_tread 3 rubber 9 armor_repair_kit 25 armor_container 80																					
		realwear_boots	armor_shards armor_shards ceramite_shards rubber plastic	54	1	1.05	armor_shards 1 plastic 3 rubber 9 ceramite_shards 25 robot_parts_container 80																					
		smuggler_boots	armor_shards rubber rubber	10	1	1.05	armor_shards 1 rags 4 rubber 20 worker_clothing_container 80																					
		solnet_boots	armor_shards ceramite_shards rubber rubber plastic	50	1	1.05	armor_shards 1 rubber 3 plastic 9 ceramite_shards 25 scientist_clothing_container 80																					
		worker_boots	armor_shards rubber rubber	30	1	1.05	armor_shards 1 rags 4 rubber 20 worker_clothing_container 80																					
		pmc_boots	armor_shards plastic rubber	12	1	1.05	armor_shards 1 plastic 4 rubber 20 armor_container 80																					
		rw_warlord_boots	ceramite_shards ceramite_shards armor_shards rubber plastic	64	1	1.05	armor_shards 1 rubber 3 ceramite_shards 9 armor_repair_kit 25 robot_parts_container 80																					
		svn_heavy_boots	ceramite_shards armor_shards rubber rubber plastic	64	1	1.05	armor_shards 1 rubber 3 plastic 9 ceramite_shards 25 security_clothing_container 80																					
		daydream_chem_boots	armor_shards armor_shards rubber rubber	32	1	1.05	armor_shards 1 rubber 3 ceramite_shards 9 armor_repair_kit 25 scientist_clothing_container 80																					
		sl_power_boots	armor_shards armor_shards ceramite_shards rubber plastic	62	1	1.05	armor_shards 1 rubber 3 plastic 9 ceramite_shards 25 scientist_clothing_container 80																					
		ancom_police_boots	armor_shards armor_shards plastic rubber	34	1	1.05	armor_shards 1 plastic 4 rubber 20 security_clothing_container 80																					
		ancom_agent_boots	armor_shards armor_shards rubber	36	1	1.05	armor_shards 1 rubber 4 armor_repair_kit 20 security_clothing_container 80																					
		church_priest_boots	armor_shards rubber rubber	34	1	1.05	armor_shards 1 rubber 4 armor_repair_kit 20 armor_container 80																					
		church_power_boots	armor_shards armor_shards rubber metal_tread	40	1	1.05	armor_shards 1 metal_tread 3 rubber 9 armor_repair_kit 25 robot_parts_container 80																					
		pb_boots	rusty_shards plastic rubber	16	1	1.05	armor_shards 1 plastic 4 rubber 20 miner_clothing_container 80																					
		pb_heavy_boots	armor_shards ceramite_shards rubber metal_tread metal_tread	46	1	1.05	armor_shards 1 metal_tread 3 rubber 9 ceramite_shards 25 armor_container 80																					
		franch_boots	armor_shards plastic plastic rubber	24	1	1.05	armor_shards 1 plastic 4 rubber 20 worker_clothing_container 80																					
		franch_heavy_boots	armor_shards armor_shards ceramite_shards rubber plastic	52	1	1.05	armor_shards 1 plastic 3 rubber 9 ceramite_shards 25 armor_container 80																					
		common_boots	rusty_shards plastic rubber	16	1	1.05	armor_shards 1 plastic 4 rusty_shards 20 regular_clothing_container 80																					
		core_power_boots	ceramite_shards armor_shards rubber plastic plastic	64	1	1.05	armor_shards 1 rubber 3 plastic 9 ceramite_shards 25 miner_clothing_container 80																					
		armor_repair_kit	tread rubber armor_shards ceramite_shards	24	1	1.01																						
		weapon_repair_kit	plastic weapon_shards lens microelectronics	24	1	1.01																						
		melee_repair_kit	metal_tread pierce_melee_shards blunt_melee_shards rod	24	1	1.01																						
		automap	circuit_board circuit_board microelectronics bulb	64	1	1.01																						
		frag_grenade	tin miner_bolts_ammo explosives	16	1	1.01																						
		thermal_grenade	tin gas_ammo powder	14	1	1.01																						
		stun_grenade	tin acid human_poop	12	1	1.01																						
		frag_mine	tin explosives explosives explosives	16	1	1.01																						
		stationary_turret	spec_hmg armor_shards weapon_shards circuit_board	52	1	1.01																						
		fire_turret	miner_flametrower armor_shards weapon_shards circuit_board	64	1	1.01																						
		energy_turret	tech_marksman armor_shards weapon_shards circuit_board circuit_board	80	1	1.01																						
#end																												
																												
#itemexpire																												
Id		ExpiresAfterHours	ConvertedItemId																									
^quasi_bolts_ammo		168	broken_weapon																									
^quasi_energy_ammo		168	bloodBag																									
#end																												
